"Regiao";"UF";"Ano";"Transferência";"Valor Consolidado"
"Centro-Oeste";"DF";"2016";"FUNDEB - FPE";"R$119.948.090,19"
"Centro-Oeste";"DF";"2016";"FUNDEB - FPM";"R$31.000.731,82"
"Centro-Oeste";"DF";"2016";"FUNDEB - ICMS";"R$1.522.100.000,00"
"Centro-Oeste";"DF";"2016";"FUNDEB - IPI-EXP";"R$1.405.257,87"
"Centro-Oeste";"DF";"2016";"FUNDEB - IPVA";"R$210.000.000,00"
"Centro-Oeste";"DF";"2016";"FUNDEB - ITCMD";"R$25.500.000,00"
"Centro-Oeste";"DF";"2016";"FUNDEB - ITR";"R$202.591,96"
"Centro-Oeste";"DF";"2016";"FUNDEB - LC 87";"R$3.158.025,00"
"Centro-Oeste";"DF";"2017";"FUNDEB - COUN";"R$0,00"
"Centro-Oeste";"DF";"2017";"FUNDEB - FPE";"R$114.767.998,73"
"Centro-Oeste";"DF";"2017";"FUNDEB - FPM";"R$29.965.052,81"
"Centro-Oeste";"DF";"2017";"FUNDEB - ICMS";"R$1.578.778.804,91"
"Centro-Oeste";"DF";"2017";"FUNDEB - IPI-EXP";"R$1.720.037,14"
"Centro-Oeste";"DF";"2017";"FUNDEB - IPVA";"R$230.880.000,00"
"Centro-Oeste";"DF";"2017";"FUNDEB - ITCMD";"R$31.760.000,00"
"Centro-Oeste";"DF";"2017";"FUNDEB - ITR";"R$213.980,43"
"Centro-Oeste";"DF";"2017";"FUNDEB - LC 87";"R$3.158.025,00"
"Centro-Oeste";"DF";"2018";"FUNDEB - COUN";"R$0,00"
"Centro-Oeste";"DF";"2018";"FUNDEB - FPE";"R$122.823.587,71"
"Centro-Oeste";"DF";"2018";"FUNDEB - FPM";"R$32.229.900,54"
"Centro-Oeste";"DF";"2018";"FUNDEB - ICMS";"R$1.871.611.815,00"
"Centro-Oeste";"DF";"2018";"FUNDEB - IPI-EXP";"R$1.420.577,96"
"Centro-Oeste";"DF";"2018";"FUNDEB - IPVA";"R$383.100.000,00"
"Centro-Oeste";"DF";"2018";"FUNDEB - ITCMD";"R$61.300.000,00"
"Centro-Oeste";"DF";"2018";"FUNDEB - ITR";"R$349.839,70"
"Centro-Oeste";"DF";"2018";"FUNDEB - LC 87";"R$3.093.244,92"
"Centro-Oeste";"DF";"2019";"FUNDEB - COUN";"R$0,00"
"Centro-Oeste";"DF";"2019";"FUNDEB - FPE";"R$133.864.915,75"
"Centro-Oeste";"DF";"2019";"FUNDEB - FPM";"R$34.876.247,99"
"Centro-Oeste";"DF";"2019";"FUNDEB - ICMS";"R$1.589.449.000,00"
"Centro-Oeste";"DF";"2019";"FUNDEB - IPI-EXP";"R$1.199.222,37"
"Centro-Oeste";"DF";"2019";"FUNDEB - IPVA";"R$309.151.000,00"
"Centro-Oeste";"DF";"2019";"FUNDEB - ITCMD";"R$60.250.000,00"
"Centro-Oeste";"DF";"2019";"FUNDEB - ITR";"R$349.450,34"
"Centro-Oeste";"DF";"2019";"FUNDEB - LC 87";"R$0,00"
"Centro-Oeste";"DF";"2020";"FUNDEB - COUN";"R$0,00"
"Centro-Oeste";"DF";"2020";"FUNDEB - FPE";"R$128.022.385,82"
"Centro-Oeste";"DF";"2020";"FUNDEB - FPM";"R$33.498.380,42"
"Centro-Oeste";"DF";"2020";"FUNDEB - ICMS";"R$1.897.830.000,00"
"Centro-Oeste";"DF";"2020";"FUNDEB - IPI-EXP";"R$857.846,48"
"Centro-Oeste";"DF";"2020";"FUNDEB - IPVA";"R$276.100.000,00"
"Centro-Oeste";"DF";"2020";"FUNDEB - ITCMD";"R$37.100.000,00"
"Centro-Oeste";"DF";"2020";"FUNDEB - ITR";"R$288.863,68"
"Centro-Oeste";"DF";"2020";"FUNDEB - LC 87";"R$0,00"
"Centro-Oeste";"DF";"2021";"FUNDEB - COUN";"R$0,00"
"Centro-Oeste";"DF";"2021";"FUNDEB - FPE";"R$171.791.502,28"
"Centro-Oeste";"DF";"2021";"FUNDEB - FPM";"R$44.931.684,23"
"Centro-Oeste";"DF";"2021";"FUNDEB - ICMS";"R$1.943.942.000,00"
"Centro-Oeste";"DF";"2021";"FUNDEB - IPI-EXP";"R$1.388.804,58"
"Centro-Oeste";"DF";"2021";"FUNDEB - IPVA";"R$304.850.000,00"
"Centro-Oeste";"DF";"2021";"FUNDEB - ITCMD";"R$59.800.000,00"
"Centro-Oeste";"DF";"2021";"FUNDEB - ITR";"R$170.530,16"
"Centro-Oeste";"DF";"2021";"FUNDEB - LC 87";"R$0,00"
"Centro-Oeste";"DF";"2022";"FUNDEB - FPE";"R$213.707.837,33"
"Centro-Oeste";"DF";"2022";"FUNDEB - FPM";"R$56.612.300,67"
"Centro-Oeste";"DF";"2022";"FUNDEB - ICMS";"R$2.241.730.000,00"
"Centro-Oeste";"DF";"2022";"FUNDEB - IPI-EXP";"R$1.465.470,41"
"Centro-Oeste";"DF";"2022";"FUNDEB - IPVA";"R$357.300.000,00"
"Centro-Oeste";"DF";"2022";"FUNDEB - ITCMD";"R$64.500.000,00"
"Centro-Oeste";"DF";"2022";"FUNDEB - ITR";"R$322.526,28"
"Centro-Oeste";"DF";"2023";"FUNDEB - COUN VAAF";"R$912.717,48"
"Centro-Oeste";"DF";"2023";"FUNDEB - COUN VAAR";"R$25.767.865,69"
"Centro-Oeste";"DF";"2023";"FUNDEB - FPE";"R$220.464.306,77"
"Centro-Oeste";"DF";"2023";"FUNDEB - FPM";"R$59.119.859,60"
"Centro-Oeste";"DF";"2023";"FUNDEB - ICMS";"R$2.119.846.973,86"
"Centro-Oeste";"DF";"2023";"FUNDEB - IPI-EXP";"R$1.514.454,90"
"Centro-Oeste";"DF";"2023";"FUNDEB - IPVA";"R$337.578.127,40"
"Centro-Oeste";"DF";"2023";"FUNDEB - ITCMD";"R$50.935.235,30"
"Centro-Oeste";"DF";"2023";"FUNDEB - ITR";"R$335.653,66"
"Centro-Oeste";"DF";"2024";"FUNDEB - COUN VAAR";"R$33.000.843,81"
"Centro-Oeste";"DF";"2024";"FUNDEB - FPE";"R$256.204.676,65"
"Centro-Oeste";"DF";"2024";"FUNDEB - FPM";"R$85.664.345,09"
"Centro-Oeste";"DF";"2024";"FUNDEB - ICMS";"R$2.372.867.641,60"
"Centro-Oeste";"DF";"2024";"FUNDEB - IPI-EXP";"R$2.545.567,41"
"Centro-Oeste";"DF";"2024";"FUNDEB - IPVA";"R$370.580.096,60"
"Centro-Oeste";"DF";"2024";"FUNDEB - ITCMD";"R$61.498.581,53"
"Centro-Oeste";"DF";"2024";"FUNDEB - ITR";"R$376.159,82"
"Centro-Oeste";"DF";"2025";"FUNDEB - COUN VAAR";"R$16.825.887,60"
"Centro-Oeste";"DF";"2025";"FUNDEB - FPE";"R$280.212.305,10"
"Centro-Oeste";"DF";"2025";"FUNDEB - FPM";"R$74.091.910,43"
"Centro-Oeste";"DF";"2025";"FUNDEB - FUNDEB - FTI";"R$3.976.611,83"
"Centro-Oeste";"DF";"2025";"FUNDEB - ICMS";"R$2.534.553.751,09"
"Centro-Oeste";"DF";"2025";"FUNDEB - IPI-EXP";"R$1.824.117,74"
"Centro-Oeste";"DF";"2025";"FUNDEB - IPVA";"R$397.703.794,38"
"Centro-Oeste";"DF";"2025";"FUNDEB - ITCMD";"R$94.017.570,35"
"Centro-Oeste";"DF";"2025";"FUNDEB - ITR";"R$306.830,83"
"Centro-Oeste";"DF";"2026";"FUNDEB - COUN VAAF";"R$0,00"
"Centro-Oeste";"DF";"2026";"FUNDEB - COUN VAAR";"R$0,00"
"Centro-Oeste";"DF";"2026";"FUNDEB - COUN VAAT";"R$0,00"
"Centro-Oeste";"DF";"2026";"FUNDEB - FPE";"R$197.598.234,59"
"Centro-Oeste";"DF";"2026";"FUNDEB - FPM";"R$52.292.243,43"
"Centro-Oeste";"DF";"2026";"FUNDEB - FUNDEB - FTI";"R$701.755,03"
"Centro-Oeste";"DF";"2026";"FUNDEB - ICMS";"R$1.750.183.013,53"
"Centro-Oeste";"DF";"2026";"FUNDEB - IPI-EXP";"R$1.587.970,35"
"Centro-Oeste";"DF";"2026";"FUNDEB - IPVA";"R$353.956.989,22"
"Centro-Oeste";"DF";"2026";"FUNDEB - ITCMD";"R$36.844.315,82"
"Centro-Oeste";"DF";"2026";"FUNDEB - ITR";"R$31.602,04"
"Centro-Oeste";"GO";"2016";"FUNDEB - FPE";"R$220.582.212,80"
"Centro-Oeste";"GO";"2016";"FUNDEB - FPM";"R$297.476.719,09"
"Centro-Oeste";"GO";"2016";"FUNDEB - ICMS";"R$1.226.376.469,91"
"Centro-Oeste";"GO";"2016";"FUNDEB - IPI-EXP";"R$9.267.897,96"
"Centro-Oeste";"GO";"2016";"FUNDEB - IPVA";"R$117.221.932,38"
"Centro-Oeste";"GO";"2016";"FUNDEB - ITCMD";"R$23.111.606,33"
"Centro-Oeste";"GO";"2016";"FUNDEB - ITR";"R$9.465.435,09"
"Centro-Oeste";"GO";"2016";"FUNDEB - LC 87";"R$2.309.829,24"
"Centro-Oeste";"GO";"2017";"FUNDEB - COUN";"R$0,00"
"Centro-Oeste";"GO";"2017";"FUNDEB - FPE";"R$210.604.115,01"
"Centro-Oeste";"GO";"2017";"FUNDEB - FPM";"R$283.879.791,42"
"Centro-Oeste";"GO";"2017";"FUNDEB - ICMS";"R$1.280.765.904,21"
"Centro-Oeste";"GO";"2017";"FUNDEB - IPI-EXP";"R$11.292.922,70"
"Centro-Oeste";"GO";"2017";"FUNDEB - IPVA";"R$116.274.815,72"
"Centro-Oeste";"GO";"2017";"FUNDEB - ITCMD";"R$25.128.429,48"
"Centro-Oeste";"GO";"2017";"FUNDEB - ITR";"R$10.856.187,80"
"Centro-Oeste";"GO";"2017";"FUNDEB - LC 87";"R$2.308.872,00"
"Centro-Oeste";"GO";"2018";"FUNDEB - COUN";"R$0,00"
"Centro-Oeste";"GO";"2018";"FUNDEB - FPE";"R$219.401.522,94"
"Centro-Oeste";"GO";"2018";"FUNDEB - FPM";"R$293.547.761,23"
"Centro-Oeste";"GO";"2018";"FUNDEB - ICMS";"R$1.260.018.340,71"
"Centro-Oeste";"GO";"2018";"FUNDEB - IPI-EXP";"R$11.172.791,96"
"Centro-Oeste";"GO";"2018";"FUNDEB - IPVA";"R$122.237.266,84"
"Centro-Oeste";"GO";"2018";"FUNDEB - ITCMD";"R$33.261.487,61"
"Centro-Oeste";"GO";"2018";"FUNDEB - ITR";"R$12.025.107,25"
"Centro-Oeste";"GO";"2018";"FUNDEB - LC 87";"R$2.180.328,60"
"Centro-Oeste";"GO";"2019";"FUNDEB - COUN";"R$0,00"
"Centro-Oeste";"GO";"2019";"FUNDEB - FPE";"R$240.491.807,29"
"Centro-Oeste";"GO";"2019";"FUNDEB - FPM";"R$331.042.140,01"
"Centro-Oeste";"GO";"2019";"FUNDEB - ICMS";"R$1.386.303.373,74"
"Centro-Oeste";"GO";"2019";"FUNDEB - IPI-EXP";"R$11.143.779,39"
"Centro-Oeste";"GO";"2019";"FUNDEB - IPVA";"R$136.911.270,95"
"Centro-Oeste";"GO";"2019";"FUNDEB - ITCMD";"R$25.970.753,60"
"Centro-Oeste";"GO";"2019";"FUNDEB - ITR";"R$14.400.970,91"
"Centro-Oeste";"GO";"2019";"FUNDEB - LC 87";"R$0,00"
"Centro-Oeste";"GO";"2020";"FUNDEB - COUN";"R$0,00"
"Centro-Oeste";"GO";"2020";"FUNDEB - FPE";"R$229.502.815,74"
"Centro-Oeste";"GO";"2020";"FUNDEB - FPM";"R$312.562.238,08"
"Centro-Oeste";"GO";"2020";"FUNDEB - ICMS";"R$1.633.867.476,24"
"Centro-Oeste";"GO";"2020";"FUNDEB - IPI-EXP";"R$9.859.983,36"
"Centro-Oeste";"GO";"2020";"FUNDEB - IPVA";"R$141.121.745,92"
"Centro-Oeste";"GO";"2020";"FUNDEB - ITCMD";"R$32.329.719,04"
"Centro-Oeste";"GO";"2020";"FUNDEB - ITR";"R$15.800.212,10"
"Centro-Oeste";"GO";"2020";"FUNDEB - LC 87";"R$0,00"
"Centro-Oeste";"GO";"2021";"FUNDEB - COUN";"R$0,00"
"Centro-Oeste";"GO";"2021";"FUNDEB - FPE";"R$322.238.349,15"
"Centro-Oeste";"GO";"2021";"FUNDEB - FPM";"R$423.712.658,39"
"Centro-Oeste";"GO";"2021";"FUNDEB - ICMS";"R$1.999.786.637,85"
"Centro-Oeste";"GO";"2021";"FUNDEB - IPI-EXP";"R$14.872.104,22"
"Centro-Oeste";"GO";"2021";"FUNDEB - IPVA";"R$159.081.180,53"
"Centro-Oeste";"GO";"2021";"FUNDEB - ITCMD";"R$61.593.171,33"
"Centro-Oeste";"GO";"2021";"FUNDEB - ITR";"R$20.100.055,56"
"Centro-Oeste";"GO";"2021";"FUNDEB - LC 87";"R$0,00"
"Centro-Oeste";"GO";"2022";"FUNDEB - AFE";"R$28.981.795,95"
"Centro-Oeste";"GO";"2022";"FUNDEB - FPE";"R$411.291.064,63"
"Centro-Oeste";"GO";"2022";"FUNDEB - FPM";"R$529.788.773,58"
"Centro-Oeste";"GO";"2022";"FUNDEB - ICMS";"R$2.100.001.721,59"
"Centro-Oeste";"GO";"2022";"FUNDEB - IPI-EXP";"R$13.041.937,25"
"Centro-Oeste";"GO";"2022";"FUNDEB - IPVA";"R$208.432.233,53"
"Centro-Oeste";"GO";"2022";"FUNDEB - ITCMD";"R$76.996.027,71"
"Centro-Oeste";"GO";"2022";"FUNDEB - ITR";"R$26.112.266,03"
"Centro-Oeste";"GO";"2023";"FUNDEB - COUN VAAR";"R$31.934.382,15"
"Centro-Oeste";"GO";"2023";"FUNDEB - FPE";"R$405.797.627,27"
"Centro-Oeste";"GO";"2023";"FUNDEB - FPM";"R$532.997.287,03"
"Centro-Oeste";"GO";"2023";"FUNDEB - ICMS";"R$2.144.826.357,61"
"Centro-Oeste";"GO";"2023";"FUNDEB - IPI-EXP";"R$12.017.575,33"
"Centro-Oeste";"GO";"2023";"FUNDEB - IPVA";"R$270.103.728,55"
"Centro-Oeste";"GO";"2023";"FUNDEB - ITCMD";"R$103.133.901,94"
"Centro-Oeste";"GO";"2023";"FUNDEB - ITR";"R$31.196.454,10"
"Centro-Oeste";"GO";"2024";"FUNDEB - COUN VAAR";"R$82.595.942,61"
"Centro-Oeste";"GO";"2024";"FUNDEB - FPE";"R$432.392.338,30"
"Centro-Oeste";"GO";"2024";"FUNDEB - FPM";"R$591.201.086,45"
"Centro-Oeste";"GO";"2024";"FUNDEB - ICMS";"R$2.362.837.399,83"
"Centro-Oeste";"GO";"2024";"FUNDEB - IPI-EXP";"R$15.769.976,63"
"Centro-Oeste";"GO";"2024";"FUNDEB - IPVA";"R$267.731.843,62"
"Centro-Oeste";"GO";"2024";"FUNDEB - ITCMD";"R$82.788.746,08"
"Centro-Oeste";"GO";"2024";"FUNDEB - ITR";"R$32.634.253,96"
"Centro-Oeste";"GO";"2025";"FUNDEB - COUN VAAR";"R$216.829.549,42"
"Centro-Oeste";"GO";"2025";"FUNDEB - FPE";"R$445.411.732,90"
"Centro-Oeste";"GO";"2025";"FUNDEB - FPM";"R$637.264.885,07"
"Centro-Oeste";"GO";"2025";"FUNDEB - FUNDEB - FTI";"R$23.426.688,99"
"Centro-Oeste";"GO";"2025";"FUNDEB - ICMS";"R$2.459.000.341,65"
"Centro-Oeste";"GO";"2025";"FUNDEB - IPI-EXP";"R$16.834.682,01"
"Centro-Oeste";"GO";"2025";"FUNDEB - IPVA";"R$286.160.517,34"
"Centro-Oeste";"GO";"2025";"FUNDEB - ITCMD";"R$70.755.767,74"
"Centro-Oeste";"GO";"2025";"FUNDEB - ITR";"R$35.892.715,67"
"Centro-Oeste";"GO";"2026";"FUNDEB - COUN VAAF";"R$0,00"
"Centro-Oeste";"GO";"2026";"FUNDEB - COUN VAAR";"R$192.500.889,37"
"Centro-Oeste";"GO";"2026";"FUNDEB - COUN VAAT";"R$0,00"
"Centro-Oeste";"GO";"2026";"FUNDEB - FPE";"R$360.299.384,45"
"Centro-Oeste";"GO";"2026";"FUNDEB - FPM";"R$499.054.811,40"
"Centro-Oeste";"GO";"2026";"FUNDEB - FUNDEB - FTI";"R$4.134.121,59"
"Centro-Oeste";"GO";"2026";"FUNDEB - ICMS";"R$1.894.505.257,95"
"Centro-Oeste";"GO";"2026";"FUNDEB - IPI-EXP";"R$13.941.267,84"
"Centro-Oeste";"GO";"2026";"FUNDEB - IPVA";"R$149.567.695,31"
"Centro-Oeste";"GO";"2026";"FUNDEB - ITCMD";"R$51.678.611,16"
"Centro-Oeste";"GO";"2026";"FUNDEB - ITR";"R$6.112.031,04"
"Centro-Oeste";"MS";"2016";"FUNDEB - FPE";"R$101.941.543,53"
"Centro-Oeste";"MS";"2016";"FUNDEB - FPM";"R$114.488.484,64"
"Centro-Oeste";"MS";"2016";"FUNDEB - ICMS";"R$611.890.792,51"
"Centro-Oeste";"MS";"2016";"FUNDEB - IPI-EXP";"R$7.042.420,72"
"Centro-Oeste";"MS";"2016";"FUNDEB - IPVA";"R$46.781.965,59"
"Centro-Oeste";"MS";"2016";"FUNDEB - ITCMD";"R$14.091.850,85"
"Centro-Oeste";"MS";"2016";"FUNDEB - ITR";"R$16.440.219,32"
"Centro-Oeste";"MS";"2016";"FUNDEB - LC 87";"R$2.030.039,52"
"Centro-Oeste";"MS";"2017";"FUNDEB - COUN";"R$0,00"
"Centro-Oeste";"MS";"2017";"FUNDEB - FPE";"R$98.374.809,44"
"Centro-Oeste";"MS";"2017";"FUNDEB - FPM";"R$110.266.453,73"
"Centro-Oeste";"MS";"2017";"FUNDEB - ICMS";"R$662.852.463,77"
"Centro-Oeste";"MS";"2017";"FUNDEB - IPI-EXP";"R$8.022.981,24"
"Centro-Oeste";"MS";"2017";"FUNDEB - IPVA";"R$51.163.805,20"
"Centro-Oeste";"MS";"2017";"FUNDEB - ITCMD";"R$10.767.803,95"
"Centro-Oeste";"MS";"2017";"FUNDEB - ITR";"R$17.787.251,76"
"Centro-Oeste";"MS";"2017";"FUNDEB - LC 87";"R$2.073.864,36"
"Centro-Oeste";"MS";"2018";"FUNDEB - COUN";"R$0,00"
"Centro-Oeste";"MS";"2018";"FUNDEB - FPE";"R$102.147.954,90"
"Centro-Oeste";"MS";"2018";"FUNDEB - FPM";"R$116.534.726,82"
"Centro-Oeste";"MS";"2018";"FUNDEB - ICMS";"R$720.973.299,84"
"Centro-Oeste";"MS";"2018";"FUNDEB - IPI-EXP";"R$8.613.434,10"
"Centro-Oeste";"MS";"2018";"FUNDEB - IPVA";"R$53.913.960,01"
"Centro-Oeste";"MS";"2018";"FUNDEB - ITCMD";"R$13.572.969,75"
"Centro-Oeste";"MS";"2018";"FUNDEB - ITR";"R$19.932.107,90"
"Centro-Oeste";"MS";"2018";"FUNDEB - LC 87";"R$2.001.367,70"
"Centro-Oeste";"MS";"2019";"FUNDEB - COUN";"R$0,00"
"Centro-Oeste";"MS";"2019";"FUNDEB - FPE";"R$112.170.437,08"
"Centro-Oeste";"MS";"2019";"FUNDEB - FPM";"R$125.878.054,21"
"Centro-Oeste";"MS";"2019";"FUNDEB - ICMS";"R$779.325.466,08"
"Centro-Oeste";"MS";"2019";"FUNDEB - IPI-EXP";"R$8.915.520,01"
"Centro-Oeste";"MS";"2019";"FUNDEB - IPVA";"R$61.703.891,85"
"Centro-Oeste";"MS";"2019";"FUNDEB - ITCMD";"R$15.407.765,33"
"Centro-Oeste";"MS";"2019";"FUNDEB - ITR";"R$22.506.448,89"
"Centro-Oeste";"MS";"2019";"FUNDEB - LC 87";"R$0,00"
"Centro-Oeste";"MS";"2020";"FUNDEB - COUN";"R$0,00"
"Centro-Oeste";"MS";"2020";"FUNDEB - FPE";"R$99.753.767,84"
"Centro-Oeste";"MS";"2020";"FUNDEB - FPM";"R$113.612.812,83"
"Centro-Oeste";"MS";"2020";"FUNDEB - ICMS";"R$808.518.581,26"
"Centro-Oeste";"MS";"2020";"FUNDEB - IPI-EXP";"R$7.951.100,11"
"Centro-Oeste";"MS";"2020";"FUNDEB - IPVA";"R$63.094.481,26"
"Centro-Oeste";"MS";"2020";"FUNDEB - ITCMD";"R$19.808.987,71"
"Centro-Oeste";"MS";"2020";"FUNDEB - ITR";"R$22.929.135,40"
"Centro-Oeste";"MS";"2020";"FUNDEB - LC 87";"R$0,00"
"Centro-Oeste";"MS";"2021";"FUNDEB - COUN";"R$0,00"
"Centro-Oeste";"MS";"2021";"FUNDEB - FPE";"R$132.890.486,38"
"Centro-Oeste";"MS";"2021";"FUNDEB - FPM";"R$149.373.334,83"
"Centro-Oeste";"MS";"2021";"FUNDEB - ICMS";"R$983.927.607,40"
"Centro-Oeste";"MS";"2021";"FUNDEB - IPI-EXP";"R$10.942.372,66"
"Centro-Oeste";"MS";"2021";"FUNDEB - IPVA";"R$67.467.427,01"
"Centro-Oeste";"MS";"2021";"FUNDEB - ITCMD";"R$30.132.648,27"
"Centro-Oeste";"MS";"2021";"FUNDEB - ITR";"R$25.607.491,25"
"Centro-Oeste";"MS";"2021";"FUNDEB - LC 87";"R$0,00"
"Centro-Oeste";"MS";"2022";"FUNDEB - AFE";"R$3.124.994,95"
"Centro-Oeste";"MS";"2022";"FUNDEB - FPE";"R$164.352.280,30"
"Centro-Oeste";"MS";"2022";"FUNDEB - FPM";"R$185.821.371,04"
"Centro-Oeste";"MS";"2022";"FUNDEB - ICMS";"R$1.079.239.373,79"
"Centro-Oeste";"MS";"2022";"FUNDEB - IPI-EXP";"R$9.171.840,81"
"Centro-Oeste";"MS";"2022";"FUNDEB - IPVA";"R$71.248.400,79"
"Centro-Oeste";"MS";"2022";"FUNDEB - ITCMD";"R$31.172.590,12"
"Centro-Oeste";"MS";"2022";"FUNDEB - ITR";"R$30.505.833,15"
"Centro-Oeste";"MS";"2023";"FUNDEB - FPE";"R$161.771.876,07"
"Centro-Oeste";"MS";"2023";"FUNDEB - FPM";"R$182.150.283,31"
"Centro-Oeste";"MS";"2023";"FUNDEB - ICMS";"R$1.155.743.859,57"
"Centro-Oeste";"MS";"2023";"FUNDEB - IPI-EXP";"R$7.428.604,40"
"Centro-Oeste";"MS";"2023";"FUNDEB - IPVA";"R$79.291.883,09"
"Centro-Oeste";"MS";"2023";"FUNDEB - ITCMD";"R$31.915.690,37"
"Centro-Oeste";"MS";"2023";"FUNDEB - ITR";"R$33.326.228,12"
"Centro-Oeste";"MS";"2024";"FUNDEB - FPE";"R$171.671.044,78"
"Centro-Oeste";"MS";"2024";"FUNDEB - FPM";"R$201.568.833,09"
"Centro-Oeste";"MS";"2024";"FUNDEB - ICMS";"R$1.211.673.156,79"
"Centro-Oeste";"MS";"2024";"FUNDEB - IPI-EXP";"R$12.021.582,47"
"Centro-Oeste";"MS";"2024";"FUNDEB - IPVA";"R$81.169.102,96"
"Centro-Oeste";"MS";"2024";"FUNDEB - ITCMD";"R$33.325.215,81"
"Centro-Oeste";"MS";"2024";"FUNDEB - ITR";"R$34.701.907,68"
"Centro-Oeste";"MS";"2025";"FUNDEB - FPE";"R$205.953.010,60"
"Centro-Oeste";"MS";"2025";"FUNDEB - FPM";"R$224.880.833,97"
"Centro-Oeste";"MS";"2025";"FUNDEB - FUNDEB - FTI";"R$16.844.829,85"
"Centro-Oeste";"MS";"2025";"FUNDEB - ICMS";"R$1.276.077.076,65"
"Centro-Oeste";"MS";"2025";"FUNDEB - IPI-EXP";"R$15.020.584,95"
"Centro-Oeste";"MS";"2025";"FUNDEB - IPVA";"R$89.072.551,52"
"Centro-Oeste";"MS";"2025";"FUNDEB - ITCMD";"R$52.585.490,67"
"Centro-Oeste";"MS";"2025";"FUNDEB - ITR";"R$38.498.161,46"
"Centro-Oeste";"MS";"2026";"FUNDEB - COUN VAAF";"R$0,00"
"Centro-Oeste";"MS";"2026";"FUNDEB - COUN VAAR";"R$0,00"
"Centro-Oeste";"MS";"2026";"FUNDEB - COUN VAAT";"R$0,00"
"Centro-Oeste";"MS";"2026";"FUNDEB - FPE";"R$159.617.301,82"
"Centro-Oeste";"MS";"2026";"FUNDEB - FPM";"R$169.677.450,15"
"Centro-Oeste";"MS";"2026";"FUNDEB - FUNDEB - FTI";"R$2.972.617,03"
"Centro-Oeste";"MS";"2026";"FUNDEB - ICMS";"R$850.441.216,77"
"Centro-Oeste";"MS";"2026";"FUNDEB - IPI-EXP";"R$13.985.593,73"
"Centro-Oeste";"MS";"2026";"FUNDEB - IPVA";"R$83.886.283,26"
"Centro-Oeste";"MS";"2026";"FUNDEB - ITCMD";"R$20.356.816,04"
"Centro-Oeste";"MS";"2026";"FUNDEB - ITR";"R$5.772.275,96"
"Centro-Oeste";"MT";"2016";"FUNDEB - FPE";"R$218.069.600,91"
"Centro-Oeste";"MT";"2016";"FUNDEB - FPM";"R$182.808.021,49"
"Centro-Oeste";"MT";"2016";"FUNDEB - ICMS";"R$976.675.749,42"
"Centro-Oeste";"MT";"2016";"FUNDEB - IPI-EXP";"R$6.752.847,47"
"Centro-Oeste";"MT";"2016";"FUNDEB - IPVA";"R$67.979.353,56"
"Centro-Oeste";"MT";"2016";"FUNDEB - ITCMD";"R$11.990.467,79"
"Centro-Oeste";"MT";"2016";"FUNDEB - ITR";"R$16.742.547,16"
"Centro-Oeste";"MT";"2016";"FUNDEB - LC 87";"R$4.148.364,60"
"Centro-Oeste";"MT";"2017";"FUNDEB - COUN";"R$0,00"
"Centro-Oeste";"MT";"2017";"FUNDEB - FPE";"R$206.616.138,28"
"Centro-Oeste";"MT";"2017";"FUNDEB - FPM";"R$171.205.331,46"
"Centro-Oeste";"MT";"2017";"FUNDEB - ICMS";"R$993.603.460,08"
"Centro-Oeste";"MT";"2017";"FUNDEB - IPI-EXP";"R$8.804.467,84"
"Centro-Oeste";"MT";"2017";"FUNDEB - IPVA";"R$72.097.186,27"
"Centro-Oeste";"MT";"2017";"FUNDEB - ITCMD";"R$10.342.019,14"
"Centro-Oeste";"MT";"2017";"FUNDEB - ITR";"R$17.373.494,72"
"Centro-Oeste";"MT";"2017";"FUNDEB - LC 87";"R$4.069.679,76"
"Centro-Oeste";"MT";"2018";"FUNDEB - COUN";"R$0,00"
"Centro-Oeste";"MT";"2018";"FUNDEB - FPE";"R$213.878.268,27"
"Centro-Oeste";"MT";"2018";"FUNDEB - FPM";"R$177.064.349,86"
"Centro-Oeste";"MT";"2018";"FUNDEB - ICMS";"R$1.070.100.375,19"
"Centro-Oeste";"MT";"2018";"FUNDEB - IPI-EXP";"R$8.059.934,00"
"Centro-Oeste";"MT";"2018";"FUNDEB - IPVA";"R$76.589.992,94"
"Centro-Oeste";"MT";"2018";"FUNDEB - ITCMD";"R$7.413.911,62"
"Centro-Oeste";"MT";"2018";"FUNDEB - ITR";"R$20.515.411,51"
"Centro-Oeste";"MT";"2018";"FUNDEB - LC 87";"R$3.843.604,08"
"Centro-Oeste";"MT";"2019";"FUNDEB - COUN";"R$0,00"
"Centro-Oeste";"MT";"2019";"FUNDEB - FPE";"R$228.571.050,61"
"Centro-Oeste";"MT";"2019";"FUNDEB - FPM";"R$189.230.605,00"
"Centro-Oeste";"MT";"2019";"FUNDEB - ICMS";"R$1.179.432.517,55"
"Centro-Oeste";"MT";"2019";"FUNDEB - IPI-EXP";"R$8.123.530,04"
"Centro-Oeste";"MT";"2019";"FUNDEB - IPVA";"R$88.007.559,29"
"Centro-Oeste";"MT";"2019";"FUNDEB - ITCMD";"R$9.534.666,27"
"Centro-Oeste";"MT";"2019";"FUNDEB - ITR";"R$22.629.883,55"
"Centro-Oeste";"MT";"2019";"FUNDEB - LC 87";"R$0,00"
"Centro-Oeste";"MT";"2020";"FUNDEB - COUN";"R$0,00"
"Centro-Oeste";"MT";"2020";"FUNDEB - FPE";"R$215.379.227,61"
"Centro-Oeste";"MT";"2020";"FUNDEB - FPM";"R$180.118.228,94"
"Centro-Oeste";"MT";"2020";"FUNDEB - ICMS";"R$1.312.658.726,48"
"Centro-Oeste";"MT";"2020";"FUNDEB - IPI-EXP";"R$7.862.466,76"
"Centro-Oeste";"MT";"2020";"FUNDEB - IPVA";"R$79.667.346,01"
"Centro-Oeste";"MT";"2020";"FUNDEB - ITCMD";"R$11.534.946,11"
"Centro-Oeste";"MT";"2020";"FUNDEB - ITR";"R$24.165.409,05"
"Centro-Oeste";"MT";"2020";"FUNDEB - LC 87";"R$0,00"
"Centro-Oeste";"MT";"2021";"FUNDEB - COUN";"R$0,00"
"Centro-Oeste";"MT";"2021";"FUNDEB - FPE";"R$281.771.013,61"
"Centro-Oeste";"MT";"2021";"FUNDEB - FPM";"R$236.800.201,63"
"Centro-Oeste";"MT";"2021";"FUNDEB - ICMS";"R$1.840.252.558,53"
"Centro-Oeste";"MT";"2021";"FUNDEB - IPI-EXP";"R$12.518.137,14"
"Centro-Oeste";"MT";"2021";"FUNDEB - IPVA";"R$92.681.491,34"
"Centro-Oeste";"MT";"2021";"FUNDEB - ITCMD";"R$20.060.054,33"
"Centro-Oeste";"MT";"2021";"FUNDEB - ITR";"R$28.642.096,10"
"Centro-Oeste";"MT";"2021";"FUNDEB - LC 87";"R$0,00"
"Centro-Oeste";"MT";"2022";"FUNDEB - AFE";"R$19.551.888,65"
"Centro-Oeste";"MT";"2022";"FUNDEB - FPE";"R$351.575.743,06"
"Centro-Oeste";"MT";"2022";"FUNDEB - FPM";"R$308.316.655,02"
"Centro-Oeste";"MT";"2022";"FUNDEB - ICMS";"R$2.014.061.332,42"
"Centro-Oeste";"MT";"2022";"FUNDEB - IPI-EXP";"R$10.458.964,06"
"Centro-Oeste";"MT";"2022";"FUNDEB - IPVA";"R$127.291.351,93"
"Centro-Oeste";"MT";"2022";"FUNDEB - ITCMD";"R$22.396.163,47"
"Centro-Oeste";"MT";"2022";"FUNDEB - ITR";"R$36.883.851,44"
"Centro-Oeste";"MT";"2023";"FUNDEB - FPE";"R$342.868.162,87"
"Centro-Oeste";"MT";"2023";"FUNDEB - FPM";"R$295.195.751,05"
"Centro-Oeste";"MT";"2023";"FUNDEB - ICMS";"R$2.070.148.756,68"
"Centro-Oeste";"MT";"2023";"FUNDEB - IPI-EXP";"R$10.091.095,56"
"Centro-Oeste";"MT";"2023";"FUNDEB - IPVA";"R$152.146.228,45"
"Centro-Oeste";"MT";"2023";"FUNDEB - ITCMD";"R$19.170.549,81"
"Centro-Oeste";"MT";"2023";"FUNDEB - ITR";"R$41.291.139,85"
"Centro-Oeste";"MT";"2024";"FUNDEB - FPE";"R$362.184.247,20"
"Centro-Oeste";"MT";"2024";"FUNDEB - FPM";"R$312.334.406,12"
"Centro-Oeste";"MT";"2024";"FUNDEB - ICMS";"R$2.032.065.533,26"
"Centro-Oeste";"MT";"2024";"FUNDEB - IPI-EXP";"R$17.343.956,87"
"Centro-Oeste";"MT";"2024";"FUNDEB - IPVA";"R$156.758.333,28"
"Centro-Oeste";"MT";"2024";"FUNDEB - ITCMD";"R$17.523.744,21"
"Centro-Oeste";"MT";"2024";"FUNDEB - ITR";"R$42.834.828,73"
"Centro-Oeste";"MT";"2025";"FUNDEB - FPE";"R$376.039.027,69"
"Centro-Oeste";"MT";"2025";"FUNDEB - FPM";"R$333.260.485,51"
"Centro-Oeste";"MT";"2025";"FUNDEB - FUNDEB - FTI";"R$6.588.826,99"
"Centro-Oeste";"MT";"2025";"FUNDEB - ICMS";"R$2.286.549.038,23"
"Centro-Oeste";"MT";"2025";"FUNDEB - IPI-EXP";"R$15.276.294,82"
"Centro-Oeste";"MT";"2025";"FUNDEB - IPVA";"R$174.506.927,88"
"Centro-Oeste";"MT";"2025";"FUNDEB - ITCMD";"R$26.796.120,66"
"Centro-Oeste";"MT";"2025";"FUNDEB - ITR";"R$46.701.837,43"
"Centro-Oeste";"MT";"2026";"FUNDEB - COUN VAAF";"R$0,00"
"Centro-Oeste";"MT";"2026";"FUNDEB - COUN VAAR";"R$0,00"
"Centro-Oeste";"MT";"2026";"FUNDEB - COUN VAAT";"R$0,00"
"Centro-Oeste";"MT";"2026";"FUNDEB - FPE";"R$252.065.662,54"
"Centro-Oeste";"MT";"2026";"FUNDEB - FPM";"R$232.788.027,28"
"Centro-Oeste";"MT";"2026";"FUNDEB - FUNDEB - FTI";"R$1.162.734,17"
"Centro-Oeste";"MT";"2026";"FUNDEB - ICMS";"R$1.527.552.066,46"
"Centro-Oeste";"MT";"2026";"FUNDEB - IPI-EXP";"R$11.682.529,34"
"Centro-Oeste";"MT";"2026";"FUNDEB - IPVA";"R$150.738.918,65"
"Centro-Oeste";"MT";"2026";"FUNDEB - ITCMD";"R$21.495.293,68"
"Centro-Oeste";"MT";"2026";"FUNDEB - ITR";"R$6.856.977,78"
"Nordeste";"AL";"2016";"FUNDEB - COUN";"R$133.560.149,79"
"Nordeste";"AL";"2016";"FUNDEB - FPE";"R$196.207.626,67"
"Nordeste";"AL";"2016";"FUNDEB - FPM";"R$116.081.187,28"
"Nordeste";"AL";"2016";"FUNDEB - ICMS";"R$190.506.697,25"
"Nordeste";"AL";"2016";"FUNDEB - IPI-EXP";"R$127.167,93"
"Nordeste";"AL";"2016";"FUNDEB - IPVA";"R$15.926.047,14"
"Nordeste";"AL";"2016";"FUNDEB - ITCMD";"R$645.689,34"
"Nordeste";"AL";"2016";"FUNDEB - ITR";"R$84.385,19"
"Nordeste";"AL";"2016";"FUNDEB - LC 87";"R$873.395,16"
"Nordeste";"AL";"2017";"FUNDEB - COUN";"R$92.284.348,75"
"Nordeste";"AL";"2017";"FUNDEB - FPE";"R$188.621.107,26"
"Nordeste";"AL";"2017";"FUNDEB - FPM";"R$112.395.925,63"
"Nordeste";"AL";"2017";"FUNDEB - ICMS";"R$198.270.935,90"
"Nordeste";"AL";"2017";"FUNDEB - IPI-EXP";"R$660.879,20"
"Nordeste";"AL";"2017";"FUNDEB - IPVA";"R$15.217.414,47"
"Nordeste";"AL";"2017";"FUNDEB - ITCMD";"R$588.151,79"
"Nordeste";"AL";"2017";"FUNDEB - ITR";"R$115.253,89"
"Nordeste";"AL";"2017";"FUNDEB - LC 87";"R$884.164,16"
"Nordeste";"AL";"2018";"FUNDEB - COUN";"R$147.696.444,98"
"Nordeste";"AL";"2018";"FUNDEB - FPE";"R$193.449.305,74"
"Nordeste";"AL";"2018";"FUNDEB - FPM";"R$109.460.266,43"
"Nordeste";"AL";"2018";"FUNDEB - ICMS";"R$205.749.737,34"
"Nordeste";"AL";"2018";"FUNDEB - IPI-EXP";"R$644.811,98"
"Nordeste";"AL";"2018";"FUNDEB - IPVA";"R$15.725.946,51"
"Nordeste";"AL";"2018";"FUNDEB - ITCMD";"R$846.606,95"
"Nordeste";"AL";"2018";"FUNDEB - ITR";"R$116.726,03"
"Nordeste";"AL";"2018";"FUNDEB - LC 87";"R$826.512,60"
"Nordeste";"AL";"2019";"FUNDEB - COUN";"R$160.466.005,95"
"Nordeste";"AL";"2019";"FUNDEB - FPE";"R$211.687.273,84"
"Nordeste";"AL";"2019";"FUNDEB - FPM";"R$118.610.597,98"
"Nordeste";"AL";"2019";"FUNDEB - ICMS";"R$215.231.710,17"
"Nordeste";"AL";"2019";"FUNDEB - IPI-EXP";"R$101.822,67"
"Nordeste";"AL";"2019";"FUNDEB - IPVA";"R$17.367.655,12"
"Nordeste";"AL";"2019";"FUNDEB - ITCMD";"R$1.186.643,48"
"Nordeste";"AL";"2019";"FUNDEB - ITR";"R$101.671,54"
"Nordeste";"AL";"2019";"FUNDEB - LC 87";"R$0,00"
"Nordeste";"AL";"2020";"FUNDEB - COUN";"R$145.324.989,79"
"Nordeste";"AL";"2020";"FUNDEB - FPE";"R$199.116.050,76"
"Nordeste";"AL";"2020";"FUNDEB - FPM";"R$112.238.052,35"
"Nordeste";"AL";"2020";"FUNDEB - ICMS";"R$221.097.116,93"
"Nordeste";"AL";"2020";"FUNDEB - IPI-EXP";"R$486.437,22"
"Nordeste";"AL";"2020";"FUNDEB - IPVA";"R$18.297.967,61"
"Nordeste";"AL";"2020";"FUNDEB - ITCMD";"R$975.732,42"
"Nordeste";"AL";"2020";"FUNDEB - ITR";"R$102.245,94"
"Nordeste";"AL";"2020";"FUNDEB - LC 87";"R$0,00"
"Nordeste";"AL";"2021";"FUNDEB - COUN";"R$0,00"
"Nordeste";"AL";"2021";"FUNDEB - COUN VAAF";"R$149.988.240,12"
"Nordeste";"AL";"2021";"FUNDEB - FPE";"R$288.594.778,81"
"Nordeste";"AL";"2021";"FUNDEB - FPM";"R$159.261.564,66"
"Nordeste";"AL";"2021";"FUNDEB - ICMS";"R$311.477.369,45"
"Nordeste";"AL";"2021";"FUNDEB - IPI-EXP";"R$138.188,90"
"Nordeste";"AL";"2021";"FUNDEB - IPVA";"R$21.086.357,43"
"Nordeste";"AL";"2021";"FUNDEB - ITCMD";"R$1.961.054,89"
"Nordeste";"AL";"2021";"FUNDEB - ITR";"R$124.890,60"
"Nordeste";"AL";"2021";"FUNDEB - LC 87";"R$0,00"
"Nordeste";"AL";"2022";"FUNDEB - AFE";"R$834.185,60"
"Nordeste";"AL";"2022";"FUNDEB - COUN VAAF";"R$179.762.084,04"
"Nordeste";"AL";"2022";"FUNDEB - FPE";"R$345.862.526,25"
"Nordeste";"AL";"2022";"FUNDEB - FPM";"R$191.936.689,24"
"Nordeste";"AL";"2022";"FUNDEB - ICMS";"R$325.017.821,65"
"Nordeste";"AL";"2022";"FUNDEB - IPI-EXP";"R$115.961,49"
"Nordeste";"AL";"2022";"FUNDEB - IPVA";"R$26.954.926,18"
"Nordeste";"AL";"2022";"FUNDEB - ITCMD";"R$2.170.829,16"
"Nordeste";"AL";"2022";"FUNDEB - ITR";"R$179.096,97"
"Nordeste";"AL";"2023";"FUNDEB - COUN VAAF";"R$179.000.188,46"
"Nordeste";"AL";"2023";"FUNDEB - COUN VAAR";"R$18.797.157,61"
"Nordeste";"AL";"2023";"FUNDEB - FPE";"R$371.824.905,39"
"Nordeste";"AL";"2023";"FUNDEB - FPM";"R$206.679.021,45"
"Nordeste";"AL";"2023";"FUNDEB - ICMS";"R$388.243.585,75"
"Nordeste";"AL";"2023";"FUNDEB - IPI-EXP";"R$165.507,20"
"Nordeste";"AL";"2023";"FUNDEB - IPVA";"R$33.756.254,57"
"Nordeste";"AL";"2023";"FUNDEB - ITCMD";"R$2.745.425,48"
"Nordeste";"AL";"2023";"FUNDEB - ITR";"R$361.821,46"
"Nordeste";"AL";"2024";"FUNDEB - COUN VAAF";"R$166.343.926,78"
"Nordeste";"AL";"2024";"FUNDEB - COUN VAAR";"R$37.537.893,96"
"Nordeste";"AL";"2024";"FUNDEB - FPE";"R$414.814.469,95"
"Nordeste";"AL";"2024";"FUNDEB - FPM";"R$223.228.535,67"
"Nordeste";"AL";"2024";"FUNDEB - ICMS";"R$441.230.086,20"
"Nordeste";"AL";"2024";"FUNDEB - IPI-EXP";"R$409.968,96"
"Nordeste";"AL";"2024";"FUNDEB - IPVA";"R$34.895.019,36"
"Nordeste";"AL";"2024";"FUNDEB - ITCMD";"R$3.768.468,21"
"Nordeste";"AL";"2024";"FUNDEB - ITR";"R$570.239,50"
"Nordeste";"AL";"2025";"FUNDEB - COUN VAAF";"R$236.393.166,88"
"Nordeste";"AL";"2025";"FUNDEB - COUN VAAR";"R$81.780.780,31"
"Nordeste";"AL";"2025";"FUNDEB - FPE";"R$464.899.615,67"
"Nordeste";"AL";"2025";"FUNDEB - FPM";"R$255.859.226,22"
"Nordeste";"AL";"2025";"FUNDEB - FUNDEB - FTI";"R$10.834.576,14"
"Nordeste";"AL";"2025";"FUNDEB - ICMS";"R$485.370.996,89"
"Nordeste";"AL";"2025";"FUNDEB - IPI-EXP";"R$517.174,42"
"Nordeste";"AL";"2025";"FUNDEB - IPVA";"R$40.609.906,99"
"Nordeste";"AL";"2025";"FUNDEB - ITCMD";"R$3.900.592,52"
"Nordeste";"AL";"2025";"FUNDEB - ITR";"R$11.788.059,73"
"Nordeste";"AL";"2026";"FUNDEB - COUN VAAF";"R$121.313.999,20"
"Nordeste";"AL";"2026";"FUNDEB - COUN VAAR";"R$38.881.125,98"
"Nordeste";"AL";"2026";"FUNDEB - COUN VAAT";"R$0,00"
"Nordeste";"AL";"2026";"FUNDEB - FPE";"R$332.328.251,64"
"Nordeste";"AL";"2026";"FUNDEB - FPM";"R$183.163.459,57"
"Nordeste";"AL";"2026";"FUNDEB - FUNDEB - FTI";"R$1.911.984,02"
"Nordeste";"AL";"2026";"FUNDEB - ICMS";"R$342.068.711,30"
"Nordeste";"AL";"2026";"FUNDEB - IPI-EXP";"R$304.081,80"
"Nordeste";"AL";"2026";"FUNDEB - IPVA";"R$31.545.090,11"
"Nordeste";"AL";"2026";"FUNDEB - ITCMD";"R$2.733.718,56"
"Nordeste";"AL";"2026";"FUNDEB - ITR";"R$174.764,08"
"Nordeste";"BA";"2016";"FUNDEB - COUN";"R$828.405.873,46"
"Nordeste";"BA";"2016";"FUNDEB - FPE";"R$466.976.527,64"
"Nordeste";"BA";"2016";"FUNDEB - FPM";"R$490.391.368,47"
"Nordeste";"BA";"2016";"FUNDEB - ICMS";"R$1.087.036.039,19"
"Nordeste";"BA";"2016";"FUNDEB - IPI-EXP";"R$11.875.601,63"
"Nordeste";"BA";"2016";"FUNDEB - IPVA";"R$62.283.610,14"
"Nordeste";"BA";"2016";"FUNDEB - ITCMD";"R$7.522.060,14"
"Nordeste";"BA";"2016";"FUNDEB - ITR";"R$2.260.562,92"
"Nordeste";"BA";"2016";"FUNDEB - LC 87";"R$4.174.657,11"
"Nordeste";"BA";"2017";"FUNDEB - COUN";"R$751.117.934,82"
"Nordeste";"BA";"2017";"FUNDEB - FPE";"R$460.371.413,69"
"Nordeste";"BA";"2017";"FUNDEB - FPM";"R$480.329.433,74"
"Nordeste";"BA";"2017";"FUNDEB - ICMS";"R$1.196.906.961,86"
"Nordeste";"BA";"2017";"FUNDEB - IPI-EXP";"R$14.373.833,24"
"Nordeste";"BA";"2017";"FUNDEB - IPVA";"R$68.669.457,72"
"Nordeste";"BA";"2017";"FUNDEB - ITCMD";"R$7.207.787,56"
"Nordeste";"BA";"2017";"FUNDEB - ITR";"R$2.565.503,30"
"Nordeste";"BA";"2017";"FUNDEB - LC 87";"R$4.282.463,04"
"Nordeste";"BA";"2018";"FUNDEB - COUN";"R$772.001.124,75"
"Nordeste";"BA";"2018";"FUNDEB - FPE";"R$478.753.034,84"
"Nordeste";"BA";"2018";"FUNDEB - FPM";"R$494.067.729,18"
"Nordeste";"BA";"2018";"FUNDEB - ICMS";"R$1.313.195.526,87"
"Nordeste";"BA";"2018";"FUNDEB - IPI-EXP";"R$13.751.785,09"
"Nordeste";"BA";"2018";"FUNDEB - IPVA";"R$72.586.158,26"
"Nordeste";"BA";"2018";"FUNDEB - ITCMD";"R$7.565.255,94"
"Nordeste";"BA";"2018";"FUNDEB - ITR";"R$2.402.666,78"
"Nordeste";"BA";"2018";"FUNDEB - LC 87";"R$4.080.366,45"
"Nordeste";"BA";"2019";"FUNDEB - COUN";"R$816.529.266,96"
"Nordeste";"BA";"2019";"FUNDEB - FPE";"R$513.848.638,73"
"Nordeste";"BA";"2019";"FUNDEB - FPM";"R$531.681.254,00"
"Nordeste";"BA";"2019";"FUNDEB - ICMS";"R$1.354.604.250,07"
"Nordeste";"BA";"2019";"FUNDEB - IPI-EXP";"R$13.394.713,87"
"Nordeste";"BA";"2019";"FUNDEB - IPVA";"R$80.166.062,24"
"Nordeste";"BA";"2019";"FUNDEB - ITCMD";"R$8.217.023,30"
"Nordeste";"BA";"2019";"FUNDEB - ITR";"R$2.226.552,40"
"Nordeste";"BA";"2019";"FUNDEB - LC 87";"R$0,00"
"Nordeste";"BA";"2020";"FUNDEB - COUN";"R$735.574.217,14"
"Nordeste";"BA";"2020";"FUNDEB - FPE";"R$469.293.146,75"
"Nordeste";"BA";"2020";"FUNDEB - FPM";"R$483.082.044,71"
"Nordeste";"BA";"2020";"FUNDEB - ICMS";"R$1.327.690.980,02"
"Nordeste";"BA";"2020";"FUNDEB - IPI-EXP";"R$12.573.918,65"
"Nordeste";"BA";"2020";"FUNDEB - IPVA";"R$79.900.618,49"
"Nordeste";"BA";"2020";"FUNDEB - ITCMD";"R$11.595.949,48"
"Nordeste";"BA";"2020";"FUNDEB - ITR";"R$2.407.935,22"
"Nordeste";"BA";"2020";"FUNDEB - LC 87";"R$0,00"
"Nordeste";"BA";"2021";"FUNDEB - COUN";"R$0,00"
"Nordeste";"BA";"2021";"FUNDEB - COUN VAAF";"R$915.484.766,67"
"Nordeste";"BA";"2021";"FUNDEB - FPE";"R$662.285.716,66"
"Nordeste";"BA";"2021";"FUNDEB - FPM";"R$690.384.516,24"
"Nordeste";"BA";"2021";"FUNDEB - ICMS";"R$1.794.231.858,61"
"Nordeste";"BA";"2021";"FUNDEB - IPI-EXP";"R$16.160.520,40"
"Nordeste";"BA";"2021";"FUNDEB - IPVA";"R$89.572.082,17"
"Nordeste";"BA";"2021";"FUNDEB - ITCMD";"R$12.291.013,89"
"Nordeste";"BA";"2021";"FUNDEB - ITR";"R$2.920.286,23"
"Nordeste";"BA";"2021";"FUNDEB - LC 87";"R$0,00"
"Nordeste";"BA";"2022";"FUNDEB - AFE";"R$6.377.497,85"
"Nordeste";"BA";"2022";"FUNDEB - COUN VAAF";"R$1.274.862.427,01"
"Nordeste";"BA";"2022";"FUNDEB - FPE";"R$855.977.304,38"
"Nordeste";"BA";"2022";"FUNDEB - FPM";"R$904.772.821,27"
"Nordeste";"BA";"2022";"FUNDEB - ICMS";"R$1.986.036.846,93"
"Nordeste";"BA";"2022";"FUNDEB - IPI-EXP";"R$12.947.025,91"
"Nordeste";"BA";"2022";"FUNDEB - IPVA";"R$117.668.252,41"
"Nordeste";"BA";"2022";"FUNDEB - ITCMD";"R$14.556.179,11"
"Nordeste";"BA";"2022";"FUNDEB - ITR";"R$3.904.625,88"
"Nordeste";"BA";"2023";"FUNDEB - COUN VAAF";"R$1.116.263.991,55"
"Nordeste";"BA";"2023";"FUNDEB - COUN VAAR";"R$37.917.703,33"
"Nordeste";"BA";"2023";"FUNDEB - FPE";"R$828.638.767,68"
"Nordeste";"BA";"2023";"FUNDEB - FPM";"R$868.669.866,60"
"Nordeste";"BA";"2023";"FUNDEB - ICMS";"R$1.947.989.146,58"
"Nordeste";"BA";"2023";"FUNDEB - IPI-EXP";"R$13.646.684,72"
"Nordeste";"BA";"2023";"FUNDEB - IPVA";"R$131.566.517,96"
"Nordeste";"BA";"2023";"FUNDEB - ITCMD";"R$16.759.118,12"
"Nordeste";"BA";"2023";"FUNDEB - ITR";"R$3.948.874,58"
"Nordeste";"BA";"2024";"FUNDEB - COUN VAAF";"R$1.077.153.129,35"
"Nordeste";"BA";"2024";"FUNDEB - COUN VAAR";"R$70.717.678,01"
"Nordeste";"BA";"2024";"FUNDEB - FPE";"R$893.604.599,04"
"Nordeste";"BA";"2024";"FUNDEB - FPM";"R$931.333.673,83"
"Nordeste";"BA";"2024";"FUNDEB - ICMS";"R$2.029.448.143,11"
"Nordeste";"BA";"2024";"FUNDEB - IPI-EXP";"R$17.844.211,56"
"Nordeste";"BA";"2024";"FUNDEB - IPVA";"R$130.810.885,12"
"Nordeste";"BA";"2024";"FUNDEB - ITCMD";"R$15.893.611,53"
"Nordeste";"BA";"2024";"FUNDEB - ITR";"R$4.321.457,48"
"Nordeste";"BA";"2025";"FUNDEB - COUN VAAF";"R$1.354.904.665,64"
"Nordeste";"BA";"2025";"FUNDEB - COUN VAAR";"R$11.043.372,07"
"Nordeste";"BA";"2025";"FUNDEB - FPE";"R$993.828.048,76"
"Nordeste";"BA";"2025";"FUNDEB - FPM";"R$1.033.949.831,37"
"Nordeste";"BA";"2025";"FUNDEB - FUNDEB - FTI";"R$143.530.143,48"
"Nordeste";"BA";"2025";"FUNDEB - ICMS";"R$2.279.174.952,98"
"Nordeste";"BA";"2025";"FUNDEB - IPI-EXP";"R$16.177.874,31"
"Nordeste";"BA";"2025";"FUNDEB - IPVA";"R$146.266.646,84"
"Nordeste";"BA";"2025";"FUNDEB - ITCMD";"R$20.664.809,51"
"Nordeste";"BA";"2025";"FUNDEB - ITR";"R$4.322.953,31"
"Nordeste";"BA";"2026";"FUNDEB - COUN VAAF";"R$632.592.903,22"
"Nordeste";"BA";"2026";"FUNDEB - COUN VAAR";"R$0,00"
"Nordeste";"BA";"2026";"FUNDEB - COUN VAAT";"R$0,00"
"Nordeste";"BA";"2026";"FUNDEB - FPE";"R$675.851.531,97"
"Nordeste";"BA";"2026";"FUNDEB - FPM";"R$708.744.283,97"
"Nordeste";"BA";"2026";"FUNDEB - FUNDEB - FTI";"R$25.328.848,85"
"Nordeste";"BA";"2026";"FUNDEB - ICMS";"R$1.345.793.072,83"
"Nordeste";"BA";"2026";"FUNDEB - IPI-EXP";"R$10.750.171,20"
"Nordeste";"BA";"2026";"FUNDEB - IPVA";"R$100.547.756,85"
"Nordeste";"BA";"2026";"FUNDEB - ITCMD";"R$12.358.316,77"
"Nordeste";"BA";"2026";"FUNDEB - ITR";"R$406.564,87"
"Nordeste";"CE";"2016";"FUNDEB - COUN";"R$401.635.413,46"
"Nordeste";"CE";"2016";"FUNDEB - FPE";"R$309.704.043,81"
"Nordeste";"CE";"2016";"FUNDEB - FPM";"R$221.447.866,46"
"Nordeste";"CE";"2016";"FUNDEB - ICMS";"R$486.461.284,06"
"Nordeste";"CE";"2016";"FUNDEB - IPI-EXP";"R$1.490.448,70"
"Nordeste";"CE";"2016";"FUNDEB - IPVA";"R$35.595.178,68"
"Nordeste";"CE";"2016";"FUNDEB - ITCMD";"R$32.322.501,16"
"Nordeste";"CE";"2016";"FUNDEB - ITR";"R$92.746,32"
"Nordeste";"CE";"2016";"FUNDEB - LC 87";"R$1.550.259,84"
"Nordeste";"CE";"2017";"FUNDEB - COUN";"R$304.282.917,17"
"Nordeste";"CE";"2017";"FUNDEB - FPE";"R$309.139.724,28"
"Nordeste";"CE";"2017";"FUNDEB - FPM";"R$220.344.948,11"
"Nordeste";"CE";"2017";"FUNDEB - ICMS";"R$546.325.709,27"
"Nordeste";"CE";"2017";"FUNDEB - IPI-EXP";"R$1.685.458,94"
"Nordeste";"CE";"2017";"FUNDEB - IPVA";"R$43.600.990,25"
"Nordeste";"CE";"2017";"FUNDEB - ITCMD";"R$3.613.303,36"
"Nordeste";"CE";"2017";"FUNDEB - ITR";"R$97.766,95"
"Nordeste";"CE";"2017";"FUNDEB - LC 87";"R$1.613.847,00"
"Nordeste";"CE";"2018";"FUNDEB - COUN";"R$339.119.130,01"
"Nordeste";"CE";"2018";"FUNDEB - FPE";"R$311.703.781,31"
"Nordeste";"CE";"2018";"FUNDEB - FPM";"R$223.261.634,11"
"Nordeste";"CE";"2018";"FUNDEB - ICMS";"R$552.881.891,66"
"Nordeste";"CE";"2018";"FUNDEB - IPI-EXP";"R$2.521.642,62"
"Nordeste";"CE";"2018";"FUNDEB - IPVA";"R$44.080.774,19"
"Nordeste";"CE";"2018";"FUNDEB - ITCMD";"R$8.693.527,10"
"Nordeste";"CE";"2018";"FUNDEB - ITR";"R$117.021,40"
"Nordeste";"CE";"2018";"FUNDEB - LC 87";"R$1.492.899,36"
"Nordeste";"CE";"2019";"FUNDEB - COUN";"R$426.110.747,11"
"Nordeste";"CE";"2019";"FUNDEB - FPE";"R$335.277.714,71"
"Nordeste";"CE";"2019";"FUNDEB - FPM";"R$240.795.763,12"
"Nordeste";"CE";"2019";"FUNDEB - ICMS";"R$599.305.855,01"
"Nordeste";"CE";"2019";"FUNDEB - IPI-EXP";"R$2.470.994,66"
"Nordeste";"CE";"2019";"FUNDEB - IPVA";"R$48.771.878,78"
"Nordeste";"CE";"2019";"FUNDEB - ITCMD";"R$27.090.543,82"
"Nordeste";"CE";"2019";"FUNDEB - ITR";"R$85.785,06"
"Nordeste";"CE";"2019";"FUNDEB - LC 87";"R$0,00"
"Nordeste";"CE";"2020";"FUNDEB - COUN";"R$423.987.724,82"
"Nordeste";"CE";"2020";"FUNDEB - FPE";"R$309.328.189,84"
"Nordeste";"CE";"2020";"FUNDEB - FPM";"R$221.329.681,36"
"Nordeste";"CE";"2020";"FUNDEB - ICMS";"R$575.387.920,75"
"Nordeste";"CE";"2020";"FUNDEB - IPI-EXP";"R$2.555.577,34"
"Nordeste";"CE";"2020";"FUNDEB - IPVA";"R$49.614.243,13"
"Nordeste";"CE";"2020";"FUNDEB - ITCMD";"R$3.318.846,24"
"Nordeste";"CE";"2020";"FUNDEB - ITR";"R$81.625,13"
"Nordeste";"CE";"2020";"FUNDEB - LC 87";"R$0,00"
"Nordeste";"CE";"2021";"FUNDEB - COUN";"R$0,00"
"Nordeste";"CE";"2021";"FUNDEB - COUN VAAF";"R$579.958.007,52"
"Nordeste";"CE";"2021";"FUNDEB - FPE";"R$450.932.660,28"
"Nordeste";"CE";"2021";"FUNDEB - FPM";"R$328.554.915,34"
"Nordeste";"CE";"2021";"FUNDEB - ICMS";"R$812.890.380,77"
"Nordeste";"CE";"2021";"FUNDEB - IPI-EXP";"R$3.422.423,69"
"Nordeste";"CE";"2021";"FUNDEB - IPVA";"R$57.427.800,60"
"Nordeste";"CE";"2021";"FUNDEB - ITCMD";"R$4.406.113,59"
"Nordeste";"CE";"2021";"FUNDEB - ITR";"R$124.740,42"
"Nordeste";"CE";"2021";"FUNDEB - LC 87";"R$0,00"
"Nordeste";"CE";"2022";"FUNDEB - AFE";"R$1.570.340,20"
"Nordeste";"CE";"2022";"FUNDEB - COUN VAAF";"R$727.461.066,70"
"Nordeste";"CE";"2022";"FUNDEB - FPE";"R$546.945.257,20"
"Nordeste";"CE";"2022";"FUNDEB - FPM";"R$411.145.917,84"
"Nordeste";"CE";"2022";"FUNDEB - ICMS";"R$868.387.083,61"
"Nordeste";"CE";"2022";"FUNDEB - IPI-EXP";"R$2.502.340,10"
"Nordeste";"CE";"2022";"FUNDEB - IPVA";"R$75.284.792,20"
"Nordeste";"CE";"2022";"FUNDEB - ITCMD";"R$7.182.891,30"
"Nordeste";"CE";"2022";"FUNDEB - ITR";"R$170.156,17"
"Nordeste";"CE";"2023";"FUNDEB - COUN VAAF";"R$714.000.104,09"
"Nordeste";"CE";"2023";"FUNDEB - FPE";"R$564.350.557,58"
"Nordeste";"CE";"2023";"FUNDEB - FPM";"R$416.592.157,19"
"Nordeste";"CE";"2023";"FUNDEB - ICMS";"R$868.625.365,44"
"Nordeste";"CE";"2023";"FUNDEB - IPI-EXP";"R$2.743.076,91"
"Nordeste";"CE";"2023";"FUNDEB - IPVA";"R$92.737.256,52"
"Nordeste";"CE";"2023";"FUNDEB - ITCMD";"R$5.607.787,83"
"Nordeste";"CE";"2023";"FUNDEB - ITR";"R$170.111,08"
"Nordeste";"CE";"2024";"FUNDEB - COUN VAAF";"R$814.761.300,88"
"Nordeste";"CE";"2024";"FUNDEB - FPE";"R$634.492.314,50"
"Nordeste";"CE";"2024";"FUNDEB - FPM";"R$466.006.600,22"
"Nordeste";"CE";"2024";"FUNDEB - ICMS";"R$967.363.462,36"
"Nordeste";"CE";"2024";"FUNDEB - IPI-EXP";"R$2.873.441,10"
"Nordeste";"CE";"2024";"FUNDEB - IPVA";"R$95.064.587,21"
"Nordeste";"CE";"2024";"FUNDEB - ITCMD";"R$6.069.986,61"
"Nordeste";"CE";"2024";"FUNDEB - ITR";"R$183.727,93"
"Nordeste";"CE";"2025";"FUNDEB - COUN VAAF";"R$1.090.342.276,09"
"Nordeste";"CE";"2025";"FUNDEB - FPE";"R$716.563.910,72"
"Nordeste";"CE";"2025";"FUNDEB - FPM";"R$523.724.335,71"
"Nordeste";"CE";"2025";"FUNDEB - FUNDEB - FTI";"R$36.158.967,23"
"Nordeste";"CE";"2025";"FUNDEB - ICMS";"R$1.066.384.996,04"
"Nordeste";"CE";"2025";"FUNDEB - IPI-EXP";"R$2.341.304,36"
"Nordeste";"CE";"2025";"FUNDEB - IPVA";"R$106.123.339,88"
"Nordeste";"CE";"2025";"FUNDEB - ITCMD";"R$11.506.434,73"
"Nordeste";"CE";"2025";"FUNDEB - ITR";"R$199.735,58"
"Nordeste";"CE";"2026";"FUNDEB - COUN VAAF";"R$547.782.292,89"
"Nordeste";"CE";"2026";"FUNDEB - COUN VAAR";"R$0,00"
"Nordeste";"CE";"2026";"FUNDEB - COUN VAAT";"R$0,00"
"Nordeste";"CE";"2026";"FUNDEB - FPE";"R$524.816.926,70"
"Nordeste";"CE";"2026";"FUNDEB - FPM";"R$379.754.930,77"
"Nordeste";"CE";"2026";"FUNDEB - FUNDEB - FTI";"R$6.380.994,22"
"Nordeste";"CE";"2026";"FUNDEB - ICMS";"R$714.128.866,33"
"Nordeste";"CE";"2026";"FUNDEB - IPI-EXP";"R$1.992.074,98"
"Nordeste";"CE";"2026";"FUNDEB - IPVA";"R$111.456.236,63"
"Nordeste";"CE";"2026";"FUNDEB - ITCMD";"R$5.973.703,96"
"Nordeste";"CE";"2026";"FUNDEB - ITR";"R$34.195,08"
"Nordeste";"MA";"2016";"FUNDEB - COUN";"R$681.594.515,61"
"Nordeste";"MA";"2016";"FUNDEB - FPE";"R$264.852.018,27"
"Nordeste";"MA";"2016";"FUNDEB - FPM";"R$159.885.514,06"
"Nordeste";"MA";"2016";"FUNDEB - ICMS";"R$238.623.112,94"
"Nordeste";"MA";"2016";"FUNDEB - IPI-EXP";"R$2.330.481,72"
"Nordeste";"MA";"2016";"FUNDEB - IPVA";"R$16.194.413,81"
"Nordeste";"MA";"2016";"FUNDEB - ITCMD";"R$506.284,20"
"Nordeste";"MA";"2016";"FUNDEB - ITR";"R$211.475,06"
"Nordeste";"MA";"2016";"FUNDEB - LC 87";"R$1.379.191,80"
"Nordeste";"MA";"2017";"FUNDEB - COUN";"R$588.898.424,13"
"Nordeste";"MA";"2017";"FUNDEB - FPE";"R$262.432.928,55"
"Nordeste";"MA";"2017";"FUNDEB - FPM";"R$158.519.921,88"
"Nordeste";"MA";"2017";"FUNDEB - ICMS";"R$263.324.511,55"
"Nordeste";"MA";"2017";"FUNDEB - IPI-EXP";"R$2.850.563,90"
"Nordeste";"MA";"2017";"FUNDEB - IPVA";"R$17.892.818,08"
"Nordeste";"MA";"2017";"FUNDEB - ITCMD";"R$620.797,03"
"Nordeste";"MA";"2017";"FUNDEB - ITR";"R$288.762,81"
"Nordeste";"MA";"2017";"FUNDEB - LC 87";"R$1.431.401,88"
"Nordeste";"MA";"2018";"FUNDEB - COUN";"R$647.151.832,28"
"Nordeste";"MA";"2018";"FUNDEB - FPE";"R$268.338.784,39"
"Nordeste";"MA";"2018";"FUNDEB - FPM";"R$164.658.017,20"
"Nordeste";"MA";"2018";"FUNDEB - ICMS";"R$279.825.030,61"
"Nordeste";"MA";"2018";"FUNDEB - IPI-EXP";"R$2.689.279,60"
"Nordeste";"MA";"2018";"FUNDEB - IPVA";"R$17.233.365,04"
"Nordeste";"MA";"2018";"FUNDEB - ITCMD";"R$699.013,81"
"Nordeste";"MA";"2018";"FUNDEB - ITR";"R$281.395,12"
"Nordeste";"MA";"2018";"FUNDEB - LC 87";"R$1.342.407,10"
"Nordeste";"MA";"2019";"FUNDEB - COUN";"R$718.585.783,07"
"Nordeste";"MA";"2019";"FUNDEB - FPE";"R$286.399.246,19"
"Nordeste";"MA";"2019";"FUNDEB - FPM";"R$175.613.511,92"
"Nordeste";"MA";"2019";"FUNDEB - ICMS";"R$296.769.183,58"
"Nordeste";"MA";"2019";"FUNDEB - IPI-EXP";"R$3.281.559,81"
"Nordeste";"MA";"2019";"FUNDEB - IPVA";"R$19.045.987,75"
"Nordeste";"MA";"2019";"FUNDEB - ITCMD";"R$762.537,45"
"Nordeste";"MA";"2019";"FUNDEB - ITR";"R$264.276,78"
"Nordeste";"MA";"2019";"FUNDEB - LC 87";"R$0,00"
"Nordeste";"MA";"2020";"FUNDEB - COUN";"R$674.414.090,69"
"Nordeste";"MA";"2020";"FUNDEB - FPE";"R$259.381.000,82"
"Nordeste";"MA";"2020";"FUNDEB - FPM";"R$158.392.402,52"
"Nordeste";"MA";"2020";"FUNDEB - ICMS";"R$287.928.579,92"
"Nordeste";"MA";"2020";"FUNDEB - IPI-EXP";"R$3.038.810,70"
"Nordeste";"MA";"2020";"FUNDEB - IPVA";"R$17.965.281,44"
"Nordeste";"MA";"2020";"FUNDEB - ITCMD";"R$884.662,47"
"Nordeste";"MA";"2020";"FUNDEB - ITR";"R$272.132,82"
"Nordeste";"MA";"2020";"FUNDEB - LC 87";"R$0,00"
"Nordeste";"MA";"2021";"FUNDEB - COUN";"R$0,00"
"Nordeste";"MA";"2021";"FUNDEB - COUN VAAF";"R$683.729.187,09"
"Nordeste";"MA";"2021";"FUNDEB - FPE";"R$358.958.233,64"
"Nordeste";"MA";"2021";"FUNDEB - FPM";"R$220.433.579,12"
"Nordeste";"MA";"2021";"FUNDEB - ICMS";"R$395.964.368,16"
"Nordeste";"MA";"2021";"FUNDEB - IPI-EXP";"R$3.802.363,49"
"Nordeste";"MA";"2021";"FUNDEB - IPVA";"R$20.014.738,12"
"Nordeste";"MA";"2021";"FUNDEB - ITCMD";"R$3.719.539,41"
"Nordeste";"MA";"2021";"FUNDEB - ITR";"R$351.232,96"
"Nordeste";"MA";"2021";"FUNDEB - LC 87";"R$0,00"
"Nordeste";"MA";"2022";"FUNDEB - AFE";"R$485.984,05"
"Nordeste";"MA";"2022";"FUNDEB - COUN VAAF";"R$778.056.273,84"
"Nordeste";"MA";"2022";"FUNDEB - FPE";"R$432.424.747,41"
"Nordeste";"MA";"2022";"FUNDEB - FPM";"R$269.479.569,23"
"Nordeste";"MA";"2022";"FUNDEB - ICMS";"R$450.557.560,88"
"Nordeste";"MA";"2022";"FUNDEB - IPI-EXP";"R$3.271.617,11"
"Nordeste";"MA";"2022";"FUNDEB - IPVA";"R$26.958.648,51"
"Nordeste";"MA";"2022";"FUNDEB - ITCMD";"R$2.219.941,89"
"Nordeste";"MA";"2022";"FUNDEB - ITR";"R$536.386,61"
"Nordeste";"MA";"2023";"FUNDEB - COUN VAAF";"R$764.801.046,53"
"Nordeste";"MA";"2023";"FUNDEB - FPE";"R$449.031.051,66"
"Nordeste";"MA";"2023";"FUNDEB - FPM";"R$278.871.695,42"
"Nordeste";"MA";"2023";"FUNDEB - ICMS";"R$419.906.296,75"
"Nordeste";"MA";"2023";"FUNDEB - IPI-EXP";"R$2.855.961,40"
"Nordeste";"MA";"2023";"FUNDEB - IPVA";"R$35.551.626,15"
"Nordeste";"MA";"2023";"FUNDEB - ITCMD";"R$2.452.475,94"
"Nordeste";"MA";"2023";"FUNDEB - ITR";"R$644.911,90"
"Nordeste";"MA";"2024";"FUNDEB - COUN VAAF";"R$846.615.812,49"
"Nordeste";"MA";"2024";"FUNDEB - FPE";"R$519.284.396,88"
"Nordeste";"MA";"2024";"FUNDEB - FPM";"R$323.486.075,49"
"Nordeste";"MA";"2024";"FUNDEB - ICMS";"R$551.167.508,84"
"Nordeste";"MA";"2024";"FUNDEB - IPI-EXP";"R$3.703.889,75"
"Nordeste";"MA";"2024";"FUNDEB - IPVA";"R$39.262.762,16"
"Nordeste";"MA";"2024";"FUNDEB - ITCMD";"R$2.503.496,54"
"Nordeste";"MA";"2024";"FUNDEB - ITR";"R$790.420,60"
"Nordeste";"MA";"2025";"FUNDEB - COUN VAAF";"R$1.054.787.883,14"
"Nordeste";"MA";"2025";"FUNDEB - COUN VAAR";"R$8.826.470,47"
"Nordeste";"MA";"2025";"FUNDEB - COUN VAAT";"R$107.758.938,55"
"Nordeste";"MA";"2025";"FUNDEB - FPE";"R$620.092.273,96"
"Nordeste";"MA";"2025";"FUNDEB - FPM";"R$386.648.548,30"
"Nordeste";"MA";"2025";"FUNDEB - FUNDEB - FTI";"R$52.828.284,70"
"Nordeste";"MA";"2025";"FUNDEB - ICMS";"R$700.867.850,59"
"Nordeste";"MA";"2025";"FUNDEB - IPI-EXP";"R$4.592.134,38"
"Nordeste";"MA";"2025";"FUNDEB - IPVA";"R$47.423.133,62"
"Nordeste";"MA";"2025";"FUNDEB - ITCMD";"R$4.220.985,12"
"Nordeste";"MA";"2025";"FUNDEB - ITR";"R$1.162.908,81"
"Nordeste";"MA";"2026";"FUNDEB - COUN VAAF";"R$522.999.637,42"
"Nordeste";"MA";"2026";"FUNDEB - COUN VAAR";"R$123.950.217,16"
"Nordeste";"MA";"2026";"FUNDEB - COUN VAAT";"R$191.735.968,03"
"Nordeste";"MA";"2026";"FUNDEB - FPE";"R$468.564.151,81"
"Nordeste";"MA";"2026";"FUNDEB - FPM";"R$293.935.615,35"
"Nordeste";"MA";"2026";"FUNDEB - FUNDEB - FTI";"R$9.322.638,48"
"Nordeste";"MA";"2026";"FUNDEB - ICMS";"R$534.053.324,32"
"Nordeste";"MA";"2026";"FUNDEB - IPI-EXP";"R$3.994.951,14"
"Nordeste";"MA";"2026";"FUNDEB - IPVA";"R$44.753.633,36"
"Nordeste";"MA";"2026";"FUNDEB - ITCMD";"R$3.486.506,71"
"Nordeste";"MA";"2026";"FUNDEB - ITR";"R$166.647,80"
"Nordeste";"PB";"2016";"FUNDEB - COUN";"R$109.679.943,62"
"Nordeste";"PB";"2016";"FUNDEB - FPE";"R$299.991.456,66"
"Nordeste";"PB";"2016";"FUNDEB - FPM";"R$213.418.698,40"
"Nordeste";"PB";"2016";"FUNDEB - ICMS";"R$335.911.966,12"
"Nordeste";"PB";"2016";"FUNDEB - IPI-EXP";"R$322.811,95"
"Nordeste";"PB";"2016";"FUNDEB - IPVA";"R$21.926.452,66"
"Nordeste";"PB";"2016";"FUNDEB - ITCMD";"R$2.126.496,71"
"Nordeste";"PB";"2016";"FUNDEB - ITR";"R$98.392,30"
"Nordeste";"PB";"2016";"FUNDEB - LC 87";"R$404.958,72"
"Nordeste";"PB";"2017";"FUNDEB - COUN";"R$61.954.611,13"
"Nordeste";"PB";"2017";"FUNDEB - FPE";"R$303.043.290,18"
"Nordeste";"PB";"2017";"FUNDEB - FPM";"R$208.990.896,62"
"Nordeste";"PB";"2017";"FUNDEB - ICMS";"R$383.368.406,95"
"Nordeste";"PB";"2017";"FUNDEB - IPI-EXP";"R$378.575,83"
"Nordeste";"PB";"2017";"FUNDEB - IPVA";"R$24.355.793,98"
"Nordeste";"PB";"2017";"FUNDEB - ITCMD";"R$2.213.838,24"
"Nordeste";"PB";"2017";"FUNDEB - ITR";"R$108.418,79"
"Nordeste";"PB";"2017";"FUNDEB - LC 87";"R$427.738,38"
"Nordeste";"PB";"2018";"FUNDEB - COUN";"R$65.886.835,39"
"Nordeste";"PB";"2018";"FUNDEB - FPE";"R$307.793.374,77"
"Nordeste";"PB";"2018";"FUNDEB - FPM";"R$212.578.213,88"
"Nordeste";"PB";"2018";"FUNDEB - ICMS";"R$389.833.521,29"
"Nordeste";"PB";"2018";"FUNDEB - IPI-EXP";"R$345.374,27"
"Nordeste";"PB";"2018";"FUNDEB - IPVA";"R$25.639.485,27"
"Nordeste";"PB";"2018";"FUNDEB - ITCMD";"R$2.684.581,07"
"Nordeste";"PB";"2018";"FUNDEB - ITR";"R$108.892,26"
"Nordeste";"PB";"2018";"FUNDEB - LC 87";"R$397.281,60"
"Nordeste";"PB";"2019";"FUNDEB - COUN";"R$91.570.090,57"
"Nordeste";"PB";"2019";"FUNDEB - FPE";"R$321.912.499,78"
"Nordeste";"PB";"2019";"FUNDEB - FPM";"R$224.240.562,39"
"Nordeste";"PB";"2019";"FUNDEB - ICMS";"R$406.999.919,38"
"Nordeste";"PB";"2019";"FUNDEB - IPI-EXP";"R$280.102,09"
"Nordeste";"PB";"2019";"FUNDEB - IPVA";"R$27.599.888,91"
"Nordeste";"PB";"2019";"FUNDEB - ITCMD";"R$3.443.360,67"
"Nordeste";"PB";"2019";"FUNDEB - ITR";"R$94.062,91"
"Nordeste";"PB";"2019";"FUNDEB - LC 87";"R$0,00"
"Nordeste";"PB";"2020";"FUNDEB - COUN";"R$57.261.142,51"
"Nordeste";"PB";"2020";"FUNDEB - FPE";"R$287.267.087,26"
"Nordeste";"PB";"2020";"FUNDEB - FPM";"R$198.385.677,55"
"Nordeste";"PB";"2020";"FUNDEB - ICMS";"R$386.874.622,64"
"Nordeste";"PB";"2020";"FUNDEB - IPI-EXP";"R$253.745,81"
"Nordeste";"PB";"2020";"FUNDEB - IPVA";"R$27.441.700,48"
"Nordeste";"PB";"2020";"FUNDEB - ITCMD";"R$2.595.618,38"
"Nordeste";"PB";"2020";"FUNDEB - ITR";"R$88.181,50"
"Nordeste";"PB";"2020";"FUNDEB - LC 87";"R$0,00"
"Nordeste";"PB";"2021";"FUNDEB - COUN";"R$0,00"
"Nordeste";"PB";"2021";"FUNDEB - COUN VAAF";"R$106.084.708,96"
"Nordeste";"PB";"2021";"FUNDEB - FPE";"R$400.340.213,01"
"Nordeste";"PB";"2021";"FUNDEB - FPM";"R$279.026.226,34"
"Nordeste";"PB";"2021";"FUNDEB - ICMS";"R$506.299.978,44"
"Nordeste";"PB";"2021";"FUNDEB - IPI-EXP";"R$359.900,98"
"Nordeste";"PB";"2021";"FUNDEB - IPVA";"R$31.809.219,17"
"Nordeste";"PB";"2021";"FUNDEB - ITCMD";"R$4.597.754,95"
"Nordeste";"PB";"2021";"FUNDEB - ITR";"R$102.484,65"
"Nordeste";"PB";"2021";"FUNDEB - LC 87";"R$0,00"
"Nordeste";"PB";"2022";"FUNDEB - AFE";"R$2.137.204,50"
"Nordeste";"PB";"2022";"FUNDEB - COUN VAAF";"R$174.980.146,03"
"Nordeste";"PB";"2022";"FUNDEB - FPE";"R$507.848.785,94"
"Nordeste";"PB";"2022";"FUNDEB - FPM";"R$354.178.408,92"
"Nordeste";"PB";"2022";"FUNDEB - ICMS";"R$524.440.393,10"
"Nordeste";"PB";"2022";"FUNDEB - IPI-EXP";"R$327.033,58"
"Nordeste";"PB";"2022";"FUNDEB - IPVA";"R$40.979.326,90"
"Nordeste";"PB";"2022";"FUNDEB - ITCMD";"R$5.259.906,77"
"Nordeste";"PB";"2022";"FUNDEB - ITR";"R$141.263,00"
"Nordeste";"PB";"2023";"FUNDEB - COUN VAAF";"R$160.273.987,29"
"Nordeste";"PB";"2023";"FUNDEB - COUN VAAR";"R$12.240.699,47"
"Nordeste";"PB";"2023";"FUNDEB - FPE";"R$499.702.819,84"
"Nordeste";"PB";"2023";"FUNDEB - FPM";"R$352.136.686,18"
"Nordeste";"PB";"2023";"FUNDEB - ICMS";"R$561.033.763,09"
"Nordeste";"PB";"2023";"FUNDEB - IPI-EXP";"R$248.656,72"
"Nordeste";"PB";"2023";"FUNDEB - IPVA";"R$45.622.322,27"
"Nordeste";"PB";"2023";"FUNDEB - ITCMD";"R$10.809.345,23"
"Nordeste";"PB";"2023";"FUNDEB - ITR";"R$139.406,12"
"Nordeste";"PB";"2024";"FUNDEB - COUN VAAF";"R$105.520.855,69"
"Nordeste";"PB";"2024";"FUNDEB - COUN VAAR";"R$22.623.903,71"
"Nordeste";"PB";"2024";"FUNDEB - FPE";"R$528.564.150,67"
"Nordeste";"PB";"2024";"FUNDEB - FPM";"R$386.972.658,74"
"Nordeste";"PB";"2024";"FUNDEB - ICMS";"R$585.053.566,92"
"Nordeste";"PB";"2024";"FUNDEB - IPI-EXP";"R$367.523,57"
"Nordeste";"PB";"2024";"FUNDEB - IPVA";"R$45.302.217,44"
"Nordeste";"PB";"2024";"FUNDEB - ITCMD";"R$3.357.240,55"
"Nordeste";"PB";"2024";"FUNDEB - ITR";"R$136.908,34"
"Nordeste";"PB";"2025";"FUNDEB - COUN VAAF";"R$132.510.989,22"
"Nordeste";"PB";"2025";"FUNDEB - COUN VAAR";"R$3.584.750,34"
"Nordeste";"PB";"2025";"FUNDEB - FPE";"R$580.598.123,12"
"Nordeste";"PB";"2025";"FUNDEB - FPM";"R$427.612.737,55"
"Nordeste";"PB";"2025";"FUNDEB - FUNDEB - FTI";"R$312.324,26"
"Nordeste";"PB";"2025";"FUNDEB - ICMS";"R$642.487.627,29"
"Nordeste";"PB";"2025";"FUNDEB - IPI-EXP";"R$217.802,40"
"Nordeste";"PB";"2025";"FUNDEB - IPVA";"R$47.969.096,29"
"Nordeste";"PB";"2025";"FUNDEB - ITCMD";"R$4.158.273,73"
"Nordeste";"PB";"2025";"FUNDEB - ITR";"R$139.708,83"
"Nordeste";"PB";"2026";"FUNDEB - COUN VAAF";"R$48.936.219,28"
"Nordeste";"PB";"2026";"FUNDEB - COUN VAAR";"R$0,00"
"Nordeste";"PB";"2026";"FUNDEB - COUN VAAT";"R$0,00"
"Nordeste";"PB";"2026";"FUNDEB - FPE";"R$400.209.455,03"
"Nordeste";"PB";"2026";"FUNDEB - FPM";"R$291.797.477,54"
"Nordeste";"PB";"2026";"FUNDEB - FUNDEB - FTI";"R$55.116,05"
"Nordeste";"PB";"2026";"FUNDEB - ICMS";"R$416.215.953,13"
"Nordeste";"PB";"2026";"FUNDEB - IPI-EXP";"R$123.586,27"
"Nordeste";"PB";"2026";"FUNDEB - IPVA";"R$36.644.110,50"
"Nordeste";"PB";"2026";"FUNDEB - ITCMD";"R$3.290.825,79"
"Nordeste";"PB";"2026";"FUNDEB - ITR";"R$37.727,12"
"Nordeste";"PE";"2016";"FUNDEB - COUN";"R$282.259.603,73"
"Nordeste";"PE";"2016";"FUNDEB - FPE";"R$419.943.016,59"
"Nordeste";"PE";"2016";"FUNDEB - FPM";"R$319.245.607,56"
"Nordeste";"PE";"2016";"FUNDEB - ICMS";"R$950.576.613,87"
"Nordeste";"PE";"2016";"FUNDEB - IPI-EXP";"R$1.568.596,99"
"Nordeste";"PE";"2016";"FUNDEB - IPVA";"R$74.344.478,85"
"Nordeste";"PE";"2016";"FUNDEB - ITCMD";"R$8.377.094,51"
"Nordeste";"PE";"2016";"FUNDEB - ITR";"R$199.385,67"
"Nordeste";"PE";"2016";"FUNDEB - LC 87";"R$2.057.690,24"
"Nordeste";"PE";"2017";"FUNDEB - COUN";"R$244.639.722,90"
"Nordeste";"PE";"2017";"FUNDEB - FPE";"R$406.199.573,72"
"Nordeste";"PE";"2017";"FUNDEB - FPM";"R$305.100.365,54"
"Nordeste";"PE";"2017";"FUNDEB - ICMS";"R$1.006.653.392,03"
"Nordeste";"PE";"2017";"FUNDEB - IPI-EXP";"R$3.645.647,93"
"Nordeste";"PE";"2017";"FUNDEB - IPVA";"R$74.616.864,95"
"Nordeste";"PE";"2017";"FUNDEB - ITCMD";"R$8.421.621,01"
"Nordeste";"PE";"2017";"FUNDEB - ITR";"R$335.731,78"
"Nordeste";"PE";"2017";"FUNDEB - LC 87";"R$2.059.062,12"
"Nordeste";"PE";"2018";"FUNDEB - COUN";"R$226.238.326,97"
"Nordeste";"PE";"2018";"FUNDEB - FPE";"R$418.285.708,45"
"Nordeste";"PE";"2018";"FUNDEB - FPM";"R$314.835.118,20"
"Nordeste";"PE";"2018";"FUNDEB - ICMS";"R$1.031.101.521,96"
"Nordeste";"PE";"2018";"FUNDEB - IPI-EXP";"R$5.362.484,10"
"Nordeste";"PE";"2018";"FUNDEB - IPVA";"R$81.366.087,62"
"Nordeste";"PE";"2018";"FUNDEB - ITCMD";"R$8.468.823,87"
"Nordeste";"PE";"2018";"FUNDEB - ITR";"R$236.399,10"
"Nordeste";"PE";"2018";"FUNDEB - LC 87";"R$1.940.268,60"
"Nordeste";"PE";"2019";"FUNDEB - COUN";"R$242.357.436,11"
"Nordeste";"PE";"2019";"FUNDEB - FPE";"R$453.297.159,14"
"Nordeste";"PE";"2019";"FUNDEB - FPM";"R$340.412.568,98"
"Nordeste";"PE";"2019";"FUNDEB - ICMS";"R$1.134.624.672,89"
"Nordeste";"PE";"2019";"FUNDEB - IPI-EXP";"R$5.680.381,49"
"Nordeste";"PE";"2019";"FUNDEB - IPVA";"R$87.141.257,38"
"Nordeste";"PE";"2019";"FUNDEB - ITCMD";"R$7.034.402,22"
"Nordeste";"PE";"2019";"FUNDEB - ITR";"R$188.539,45"
"Nordeste";"PE";"2019";"FUNDEB - LC 87";"R$0,00"
"Nordeste";"PE";"2020";"FUNDEB - COUN";"R$179.028.848,63"
"Nordeste";"PE";"2020";"FUNDEB - FPE";"R$429.323.957,55"
"Nordeste";"PE";"2020";"FUNDEB - FPM";"R$315.771.467,55"
"Nordeste";"PE";"2020";"FUNDEB - ICMS";"R$1.142.839.612,09"
"Nordeste";"PE";"2020";"FUNDEB - IPI-EXP";"R$3.646.906,22"
"Nordeste";"PE";"2020";"FUNDEB - IPVA";"R$89.142.049,90"
"Nordeste";"PE";"2020";"FUNDEB - ITCMD";"R$13.020.713,58"
"Nordeste";"PE";"2020";"FUNDEB - ITR";"R$165.018,37"
"Nordeste";"PE";"2020";"FUNDEB - LC 87";"R$0,00"
"Nordeste";"PE";"2021";"FUNDEB - COUN";"R$0,00"
"Nordeste";"PE";"2021";"FUNDEB - COUN VAAF";"R$277.205.780,17"
"Nordeste";"PE";"2021";"FUNDEB - FPE";"R$587.521.555,86"
"Nordeste";"PE";"2021";"FUNDEB - FPM";"R$444.770.532,52"
"Nordeste";"PE";"2021";"FUNDEB - ICMS";"R$1.446.536.462,32"
"Nordeste";"PE";"2021";"FUNDEB - IPI-EXP";"R$5.438.046,40"
"Nordeste";"PE";"2021";"FUNDEB - IPVA";"R$96.214.477,04"
"Nordeste";"PE";"2021";"FUNDEB - ITCMD";"R$9.572.044,14"
"Nordeste";"PE";"2021";"FUNDEB - ITR";"R$276.212,50"
"Nordeste";"PE";"2021";"FUNDEB - LC 87";"R$0,00"
"Nordeste";"PE";"2022";"FUNDEB - AFE";"R$3.878.654,00"
"Nordeste";"PE";"2022";"FUNDEB - COUN VAAF";"R$311.771.824,52"
"Nordeste";"PE";"2022";"FUNDEB - FPE";"R$728.744.340,49"
"Nordeste";"PE";"2022";"FUNDEB - FPM";"R$541.359.589,32"
"Nordeste";"PE";"2022";"FUNDEB - ICMS";"R$1.464.539.463,75"
"Nordeste";"PE";"2022";"FUNDEB - IPI-EXP";"R$4.922.260,95"
"Nordeste";"PE";"2022";"FUNDEB - IPVA";"R$129.832.027,40"
"Nordeste";"PE";"2022";"FUNDEB - ITCMD";"R$13.430.041,17"
"Nordeste";"PE";"2022";"FUNDEB - ITR";"R$352.103,46"
"Nordeste";"PE";"2023";"FUNDEB - COUN VAAF";"R$413.252.192,56"
"Nordeste";"PE";"2023";"FUNDEB - COUN VAAR";"R$31.361.515,61"
"Nordeste";"PE";"2023";"FUNDEB - FPE";"R$757.402.790,36"
"Nordeste";"PE";"2023";"FUNDEB - FPM";"R$564.948.186,23"
"Nordeste";"PE";"2023";"FUNDEB - ICMS";"R$1.531.101.954,02"
"Nordeste";"PE";"2023";"FUNDEB - IPI-EXP";"R$4.939.057,71"
"Nordeste";"PE";"2023";"FUNDEB - IPVA";"R$151.339.272,35"
"Nordeste";"PE";"2023";"FUNDEB - ITCMD";"R$14.468.537,85"
"Nordeste";"PE";"2023";"FUNDEB - ITR";"R$343.943,49"
"Nordeste";"PE";"2024";"FUNDEB - COUN VAAF";"R$351.127.043,44"
"Nordeste";"PE";"2024";"FUNDEB - COUN VAAR";"R$59.392.953,42"
"Nordeste";"PE";"2024";"FUNDEB - FPE";"R$884.449.616,73"
"Nordeste";"PE";"2024";"FUNDEB - FPM";"R$660.946.432,12"
"Nordeste";"PE";"2024";"FUNDEB - ICMS";"R$1.812.865.858,82"
"Nordeste";"PE";"2024";"FUNDEB - IPI-EXP";"R$6.705.494,15"
"Nordeste";"PE";"2024";"FUNDEB - IPVA";"R$124.251.491,55"
"Nordeste";"PE";"2024";"FUNDEB - ITCMD";"R$21.058.089,77"
"Nordeste";"PE";"2024";"FUNDEB - ITR";"R$424.823,40"
"Nordeste";"PE";"2025";"FUNDEB - COUN VAAF";"R$386.527.501,72"
"Nordeste";"PE";"2025";"FUNDEB - COUN VAAR";"R$23.937.008,29"
"Nordeste";"PE";"2025";"FUNDEB - FPE";"R$993.027.948,56"
"Nordeste";"PE";"2025";"FUNDEB - FPM";"R$745.494.631,47"
"Nordeste";"PE";"2025";"FUNDEB - FUNDEB - FTI";"R$35.158.162,08"
"Nordeste";"PE";"2025";"FUNDEB - ICMS";"R$1.927.636.869,81"
"Nordeste";"PE";"2025";"FUNDEB - IPI-EXP";"R$5.567.086,49"
"Nordeste";"PE";"2025";"FUNDEB - IPVA";"R$138.594.995,27"
"Nordeste";"PE";"2025";"FUNDEB - ITCMD";"R$12.907.412,33"
"Nordeste";"PE";"2025";"FUNDEB - ITR";"R$349.879,12"
"Nordeste";"PE";"2026";"FUNDEB - COUN VAAF";"R$204.628.228,82"
"Nordeste";"PE";"2026";"FUNDEB - COUN VAAR";"R$184.806.499,69"
"Nordeste";"PE";"2026";"FUNDEB - COUN VAAT";"R$0,00"
"Nordeste";"PE";"2026";"FUNDEB - FPE";"R$677.905.651,41"
"Nordeste";"PE";"2026";"FUNDEB - FPM";"R$521.309.362,22"
"Nordeste";"PE";"2026";"FUNDEB - FUNDEB - FTI";"R$6.204.381,54"
"Nordeste";"PE";"2026";"FUNDEB - ICMS";"R$1.255.216.194,04"
"Nordeste";"PE";"2026";"FUNDEB - IPI-EXP";"R$4.770.556,41"
"Nordeste";"PE";"2026";"FUNDEB - IPVA";"R$123.590.791,00"
"Nordeste";"PE";"2026";"FUNDEB - ITCMD";"R$17.477.004,31"
"Nordeste";"PE";"2026";"FUNDEB - ITR";"R$66.551,66"
"Nordeste";"PI";"2016";"FUNDEB - COUN";"R$165.166.403,97"
"Nordeste";"PI";"2016";"FUNDEB - FPE";"R$220.515.203,65"
"Nordeste";"PI";"2016";"FUNDEB - FPM";"R$141.744.407,72"
"Nordeste";"PI";"2016";"FUNDEB - ICMS";"R$197.181.708,44"
"Nordeste";"PI";"2016";"FUNDEB - IPI-EXP";"R$58.855,05"
"Nordeste";"PI";"2016";"FUNDEB - IPVA";"R$14.934.285,76"
"Nordeste";"PI";"2016";"FUNDEB - ITCMD";"R$848.818,29"
"Nordeste";"PI";"2016";"FUNDEB - ITR";"R$434.049,01"
"Nordeste";"PI";"2016";"FUNDEB - LC 87";"R$343.807,88"
"Nordeste";"PI";"2017";"FUNDEB - COUN";"R$212.407.387,14"
"Nordeste";"PI";"2017";"FUNDEB - FPE";"R$237.978.539,88"
"Nordeste";"PI";"2017";"FUNDEB - FPM";"R$153.450.661,49"
"Nordeste";"PI";"2017";"FUNDEB - ICMS";"R$233.091.622,39"
"Nordeste";"PI";"2017";"FUNDEB - IPI-EXP";"R$80.716,50"
"Nordeste";"PI";"2017";"FUNDEB - IPVA";"R$17.992.846,24"
"Nordeste";"PI";"2017";"FUNDEB - ITCMD";"R$937.180,54"
"Nordeste";"PI";"2017";"FUNDEB - ITR";"R$469.798,60"
"Nordeste";"PI";"2017";"FUNDEB - LC 87";"R$389.268,84"
"Nordeste";"PI";"2018";"FUNDEB - COUN";"R$247.725.855,48"
"Nordeste";"PI";"2018";"FUNDEB - FPE";"R$253.421.368,91"
"Nordeste";"PI";"2018";"FUNDEB - FPM";"R$163.372.015,17"
"Nordeste";"PI";"2018";"FUNDEB - ICMS";"R$279.924.424,48"
"Nordeste";"PI";"2018";"FUNDEB - IPI-EXP";"R$96.739,08"
"Nordeste";"PI";"2018";"FUNDEB - IPVA";"R$18.924.143,12"
"Nordeste";"PI";"2018";"FUNDEB - ITCMD";"R$2.401.858,98"
"Nordeste";"PI";"2018";"FUNDEB - ITR";"R$561.427,55"
"Nordeste";"PI";"2018";"FUNDEB - LC 87";"R$378.347,82"
"Nordeste";"PI";"2019";"FUNDEB - COUN";"R$265.389.450,30"
"Nordeste";"PI";"2019";"FUNDEB - FPE";"R$271.783.588,58"
"Nordeste";"PI";"2019";"FUNDEB - FPM";"R$174.343.706,33"
"Nordeste";"PI";"2019";"FUNDEB - ICMS";"R$275.449.393,22"
"Nordeste";"PI";"2019";"FUNDEB - IPI-EXP";"R$86.890,43"
"Nordeste";"PI";"2019";"FUNDEB - IPVA";"R$20.598.694,34"
"Nordeste";"PI";"2019";"FUNDEB - ITCMD";"R$4.176.126,29"
"Nordeste";"PI";"2019";"FUNDEB - ITR";"R$440.927,46"
"Nordeste";"PI";"2019";"FUNDEB - LC 87";"R$0,00"
"Nordeste";"PI";"2020";"FUNDEB - COUN";"R$211.456.665,22"
"Nordeste";"PI";"2020";"FUNDEB - FPE";"R$235.741.118,80"
"Nordeste";"PI";"2020";"FUNDEB - FPM";"R$151.526.044,09"
"Nordeste";"PI";"2020";"FUNDEB - ICMS";"R$265.459.531,67"
"Nordeste";"PI";"2020";"FUNDEB - IPI-EXP";"R$62.371,37"
"Nordeste";"PI";"2020";"FUNDEB - IPVA";"R$20.021.820,53"
"Nordeste";"PI";"2020";"FUNDEB - ITCMD";"R$1.459.899,30"
"Nordeste";"PI";"2020";"FUNDEB - ITR";"R$426.419,57"
"Nordeste";"PI";"2020";"FUNDEB - LC 87";"R$0,00"
"Nordeste";"PI";"2021";"FUNDEB - COUN";"R$0,00"
"Nordeste";"PI";"2021";"FUNDEB - COUN VAAF";"R$209.842.601,02"
"Nordeste";"PI";"2021";"FUNDEB - FPE";"R$327.974.416,12"
"Nordeste";"PI";"2021";"FUNDEB - FPM";"R$208.879.004,53"
"Nordeste";"PI";"2021";"FUNDEB - ICMS";"R$338.132.987,62"
"Nordeste";"PI";"2021";"FUNDEB - IPI-EXP";"R$123.497,83"
"Nordeste";"PI";"2021";"FUNDEB - IPVA";"R$21.441.777,55"
"Nordeste";"PI";"2021";"FUNDEB - ITCMD";"R$2.774.328,08"
"Nordeste";"PI";"2021";"FUNDEB - ITR";"R$1.029.060,39"
"Nordeste";"PI";"2021";"FUNDEB - LC 87";"R$0,00"
"Nordeste";"PI";"2022";"FUNDEB - AFE";"R$1.117.314,95"
"Nordeste";"PI";"2022";"FUNDEB - COUN VAAF";"R$257.502.410,76"
"Nordeste";"PI";"2022";"FUNDEB - FPE";"R$396.825.122,23"
"Nordeste";"PI";"2022";"FUNDEB - FPM";"R$254.319.720,40"
"Nordeste";"PI";"2022";"FUNDEB - ICMS";"R$339.072.962,30"
"Nordeste";"PI";"2022";"FUNDEB - IPI-EXP";"R$107.306,66"
"Nordeste";"PI";"2022";"FUNDEB - IPVA";"R$27.967.990,58"
"Nordeste";"PI";"2022";"FUNDEB - ITCMD";"R$2.619.742,14"
"Nordeste";"PI";"2022";"FUNDEB - ITR";"R$905.234,91"
"Nordeste";"PI";"2023";"FUNDEB - COUN VAAF";"R$349.324.098,21"
"Nordeste";"PI";"2023";"FUNDEB - FPE";"R$449.920.378,84"
"Nordeste";"PI";"2023";"FUNDEB - FPM";"R$286.020.119,81"
"Nordeste";"PI";"2023";"FUNDEB - ICMS";"R$449.308.688,29"
"Nordeste";"PI";"2023";"FUNDEB - IPI-EXP";"R$104.987,06"
"Nordeste";"PI";"2023";"FUNDEB - IPVA";"R$35.670.481,11"
"Nordeste";"PI";"2023";"FUNDEB - ITCMD";"R$2.264.303,95"
"Nordeste";"PI";"2023";"FUNDEB - ITR";"R$1.163.615,95"
"Nordeste";"PI";"2024";"FUNDEB - COUN VAAF";"R$344.697.195,42"
"Nordeste";"PI";"2024";"FUNDEB - COUN VAAR";"R$5.634.248,28"
"Nordeste";"PI";"2024";"FUNDEB - FPE";"R$503.057.949,90"
"Nordeste";"PI";"2024";"FUNDEB - FPM";"R$327.422.719,88"
"Nordeste";"PI";"2024";"FUNDEB - ICMS";"R$484.584.781,37"
"Nordeste";"PI";"2024";"FUNDEB - IPI-EXP";"R$120.134,56"
"Nordeste";"PI";"2024";"FUNDEB - IPVA";"R$36.829.652,12"
"Nordeste";"PI";"2024";"FUNDEB - ITCMD";"R$2.553.828,86"
"Nordeste";"PI";"2024";"FUNDEB - ITR";"R$1.369.847,96"
"Nordeste";"PI";"2025";"FUNDEB - COUN VAAF";"R$465.528.546,47"
"Nordeste";"PI";"2025";"FUNDEB - COUN VAAR";"R$93.422.451,03"
"Nordeste";"PI";"2025";"FUNDEB - FPE";"R$550.785.091,23"
"Nordeste";"PI";"2025";"FUNDEB - FPM";"R$361.429.880,83"
"Nordeste";"PI";"2025";"FUNDEB - FUNDEB - FTI";"R$39.111.090,91"
"Nordeste";"PI";"2025";"FUNDEB - ICMS";"R$530.177.200,07"
"Nordeste";"PI";"2025";"FUNDEB - IPI-EXP";"R$161.570,14"
"Nordeste";"PI";"2025";"FUNDEB - IPVA";"R$37.985.847,90"
"Nordeste";"PI";"2025";"FUNDEB - ITCMD";"R$2.551.074,69"
"Nordeste";"PI";"2025";"FUNDEB - ITR";"R$1.420.854,09"
"Nordeste";"PI";"2026";"FUNDEB - COUN VAAF";"R$280.270.610,59"
"Nordeste";"PI";"2026";"FUNDEB - COUN VAAR";"R$53.704.343,36"
"Nordeste";"PI";"2026";"FUNDEB - COUN VAAT";"R$342.047.344,34"
"Nordeste";"PI";"2026";"FUNDEB - FPE";"R$442.543.525,74"
"Nordeste";"PI";"2026";"FUNDEB - FPM";"R$282.991.653,55"
"Nordeste";"PI";"2026";"FUNDEB - FUNDEB - FTI";"R$6.901.957,22"
"Nordeste";"PI";"2026";"FUNDEB - ICMS";"R$412.622.887,38"
"Nordeste";"PI";"2026";"FUNDEB - IPI-EXP";"R$136.390,07"
"Nordeste";"PI";"2026";"FUNDEB - IPVA";"R$44.963.051,61"
"Nordeste";"PI";"2026";"FUNDEB - ITCMD";"R$1.874.634,64"
"Nordeste";"PI";"2026";"FUNDEB - ITR";"R$438.654,51"
"Nordeste";"RN";"2016";"FUNDEB - FPE";"R$279.933.377,10"
"Nordeste";"RN";"2016";"FUNDEB - FPM";"R$173.370.043,65"
"Nordeste";"RN";"2016";"FUNDEB - ICMS";"R$366.175.461,79"
"Nordeste";"RN";"2016";"FUNDEB - IPI-EXP";"R$401.079,75"
"Nordeste";"RN";"2016";"FUNDEB - IPVA";"R$22.381.507,51"
"Nordeste";"RN";"2016";"FUNDEB - ITCMD";"R$1.837.206,30"
"Nordeste";"RN";"2016";"FUNDEB - ITR";"R$115.216,42"
"Nordeste";"RN";"2016";"FUNDEB - LC 87";"R$540.978,96"
"Nordeste";"RN";"2017";"FUNDEB - COUN";"R$0,00"
"Nordeste";"RN";"2017";"FUNDEB - FPE";"R$266.080.734,58"
"Nordeste";"RN";"2017";"FUNDEB - FPM";"R$165.791.197,73"
"Nordeste";"RN";"2017";"FUNDEB - ICMS";"R$386.652.131,89"
"Nordeste";"RN";"2017";"FUNDEB - IPI-EXP";"R$458.109,90"
"Nordeste";"RN";"2017";"FUNDEB - IPVA";"R$26.271.234,29"
"Nordeste";"RN";"2017";"FUNDEB - ITCMD";"R$1.477.494,07"
"Nordeste";"RN";"2017";"FUNDEB - ITR";"R$122.069,28"
"Nordeste";"RN";"2017";"FUNDEB - LC 87";"R$541.602,60"
"Nordeste";"RN";"2018";"FUNDEB - COUN";"R$0,00"
"Nordeste";"RN";"2018";"FUNDEB - FPE";"R$275.996.963,21"
"Nordeste";"RN";"2018";"FUNDEB - FPM";"R$173.056.323,05"
"Nordeste";"RN";"2018";"FUNDEB - ICMS";"R$411.425.020,03"
"Nordeste";"RN";"2018";"FUNDEB - IPI-EXP";"R$358.552,23"
"Nordeste";"RN";"2018";"FUNDEB - IPVA";"R$24.535.535,90"
"Nordeste";"RN";"2018";"FUNDEB - ITCMD";"R$4.271.426,27"
"Nordeste";"RN";"2018";"FUNDEB - ITR";"R$106.916,48"
"Nordeste";"RN";"2018";"FUNDEB - LC 87";"R$516.207,84"
"Nordeste";"RN";"2019";"FUNDEB - COUN";"R$0,00"
"Nordeste";"RN";"2019";"FUNDEB - FPE";"R$290.276.986,24"
"Nordeste";"RN";"2019";"FUNDEB - FPM";"R$180.045.550,16"
"Nordeste";"RN";"2019";"FUNDEB - ICMS";"R$396.436.309,07"
"Nordeste";"RN";"2019";"FUNDEB - IPI-EXP";"R$357.205,34"
"Nordeste";"RN";"2019";"FUNDEB - IPVA";"R$28.992.213,46"
"Nordeste";"RN";"2019";"FUNDEB - ITCMD";"R$1.485.176,28"
"Nordeste";"RN";"2019";"FUNDEB - ITR";"R$92.131,19"
"Nordeste";"RN";"2019";"FUNDEB - LC 87";"R$0,00"
"Nordeste";"RN";"2020";"FUNDEB - COUN";"R$0,00"
"Nordeste";"RN";"2020";"FUNDEB - FPE";"R$273.001.486,10"
"Nordeste";"RN";"2020";"FUNDEB - FPM";"R$169.888.086,62"
"Nordeste";"RN";"2020";"FUNDEB - ICMS";"R$398.543.626,20"
"Nordeste";"RN";"2020";"FUNDEB - IPI-EXP";"R$453.209,84"
"Nordeste";"RN";"2020";"FUNDEB - IPVA";"R$27.395.110,80"
"Nordeste";"RN";"2020";"FUNDEB - ITCMD";"R$1.114.657,97"
"Nordeste";"RN";"2020";"FUNDEB - ITR";"R$78.306,43"
"Nordeste";"RN";"2020";"FUNDEB - LC 87";"R$0,00"
"Nordeste";"RN";"2021";"FUNDEB - COUN";"R$0,00"
"Nordeste";"RN";"2021";"FUNDEB - COUN VAAF";"R$23.232.449,46"
"Nordeste";"RN";"2021";"FUNDEB - FPE";"R$370.227.411,36"
"Nordeste";"RN";"2021";"FUNDEB - FPM";"R$233.906.496,01"
"Nordeste";"RN";"2021";"FUNDEB - ICMS";"R$481.260.725,64"
"Nordeste";"RN";"2021";"FUNDEB - IPI-EXP";"R$493.613,43"
"Nordeste";"RN";"2021";"FUNDEB - IPVA";"R$28.766.966,32"
"Nordeste";"RN";"2021";"FUNDEB - ITCMD";"R$1.769.850,38"
"Nordeste";"RN";"2021";"FUNDEB - ITR";"R$88.256,42"
"Nordeste";"RN";"2021";"FUNDEB - LC 87";"R$0,00"
"Nordeste";"RN";"2022";"FUNDEB - AFE";"R$1.285.882,20"
"Nordeste";"RN";"2022";"FUNDEB - COUN VAAF";"R$8.721.563,58"
"Nordeste";"RN";"2022";"FUNDEB - FPE";"R$461.791.261,80"
"Nordeste";"RN";"2022";"FUNDEB - FPM";"R$300.119.035,54"
"Nordeste";"RN";"2022";"FUNDEB - ICMS";"R$521.726.415,81"
"Nordeste";"RN";"2022";"FUNDEB - IPI-EXP";"R$672.478,58"
"Nordeste";"RN";"2022";"FUNDEB - IPVA";"R$36.064.768,61"
"Nordeste";"RN";"2022";"FUNDEB - ITCMD";"R$1.510.919,25"
"Nordeste";"RN";"2022";"FUNDEB - ITR";"R$112.833,25"
"Nordeste";"RN";"2023";"FUNDEB - COUN VAAF";"R$1.328.192,16"
"Nordeste";"RN";"2023";"FUNDEB - COUN VAAR";"R$10.930.820,82"
"Nordeste";"RN";"2023";"FUNDEB - FPE";"R$456.934.431,41"
"Nordeste";"RN";"2023";"FUNDEB - FPM";"R$304.138.680,90"
"Nordeste";"RN";"2023";"FUNDEB - ICMS";"R$607.375.538,48"
"Nordeste";"RN";"2023";"FUNDEB - IPI-EXP";"R$1.242.939,28"
"Nordeste";"RN";"2023";"FUNDEB - IPVA";"R$39.985.466,04"
"Nordeste";"RN";"2023";"FUNDEB - ITCMD";"R$1.649.651,87"
"Nordeste";"RN";"2023";"FUNDEB - ITR";"R$131.410,98"
"Nordeste";"RN";"2024";"FUNDEB - COUN VAAR";"R$20.346.940,31"
"Nordeste";"RN";"2024";"FUNDEB - FPE";"R$524.617.344,83"
"Nordeste";"RN";"2024";"FUNDEB - FPM";"R$341.157.364,51"
"Nordeste";"RN";"2024";"FUNDEB - ICMS";"R$583.937.394,21"
"Nordeste";"RN";"2024";"FUNDEB - IPI-EXP";"R$1.171.768,69"
"Nordeste";"RN";"2024";"FUNDEB - IPVA";"R$37.550.580,90"
"Nordeste";"RN";"2024";"FUNDEB - ITCMD";"R$2.997.909,88"
"Nordeste";"RN";"2024";"FUNDEB - ITR";"R$210.061,45"
"Nordeste";"RN";"2025";"FUNDEB - COUN VAAR";"R$3.075.203,39"
"Nordeste";"RN";"2025";"FUNDEB - FPE";"R$572.416.888,86"
"Nordeste";"RN";"2025";"FUNDEB - FPM";"R$359.936.235,94"
"Nordeste";"RN";"2025";"FUNDEB - FUNDEB - FTI";"R$10.913.014,55"
"Nordeste";"RN";"2025";"FUNDEB - ICMS";"R$630.154.905,71"
"Nordeste";"RN";"2025";"FUNDEB - IPI-EXP";"R$2.723.035,14"
"Nordeste";"RN";"2025";"FUNDEB - IPVA";"R$35.849.157,13"
"Nordeste";"RN";"2025";"FUNDEB - ITCMD";"R$3.024.687,14"
"Nordeste";"RN";"2025";"FUNDEB - ITR";"R$133.616,05"
"Nordeste";"RN";"2026";"FUNDEB - COUN VAAF";"R$0,00"
"Nordeste";"RN";"2026";"FUNDEB - COUN VAAR";"R$0,00"
"Nordeste";"RN";"2026";"FUNDEB - COUN VAAT";"R$0,00"
"Nordeste";"RN";"2026";"FUNDEB - FPE";"R$402.243.036,47"
"Nordeste";"RN";"2026";"FUNDEB - FPM";"R$263.052.755,32"
"Nordeste";"RN";"2026";"FUNDEB - FUNDEB - FTI";"R$1.925.826,10"
"Nordeste";"RN";"2026";"FUNDEB - ICMS";"R$435.761.784,39"
"Nordeste";"RN";"2026";"FUNDEB - IPI-EXP";"R$1.979.186,63"
"Nordeste";"RN";"2026";"FUNDEB - IPVA";"R$28.990.478,49"
"Nordeste";"RN";"2026";"FUNDEB - ITCMD";"R$2.031.165,19"
"Nordeste";"RN";"2026";"FUNDEB - ITR";"R$32.495,94"
"Nordeste";"SE";"2016";"FUNDEB - FPE";"R$274.752.238,08"
"Nordeste";"SE";"2016";"FUNDEB - FPM";"R$102.214.052,76"
"Nordeste";"SE";"2016";"FUNDEB - ICMS";"R$214.383.780,78"
"Nordeste";"SE";"2016";"FUNDEB - IPI-EXP";"R$101.151,62"
"Nordeste";"SE";"2016";"FUNDEB - IPVA";"R$16.223.141,26"
"Nordeste";"SE";"2016";"FUNDEB - ITCMD";"R$2.311.937,58"
"Nordeste";"SE";"2016";"FUNDEB - ITR";"R$121.198,46"
"Nordeste";"SE";"2016";"FUNDEB - LC 87";"R$375.436,56"
"Nordeste";"SE";"2017";"FUNDEB - COUN";"R$0,00"
"Nordeste";"SE";"2017";"FUNDEB - FPE";"R$264.137.244,37"
"Nordeste";"SE";"2017";"FUNDEB - FPM";"R$97.479.523,52"
"Nordeste";"SE";"2017";"FUNDEB - ICMS";"R$226.258.997,66"
"Nordeste";"SE";"2017";"FUNDEB - IPI-EXP";"R$180.198,87"
"Nordeste";"SE";"2017";"FUNDEB - IPVA";"R$16.711.180,52"
"Nordeste";"SE";"2017";"FUNDEB - ITCMD";"R$2.254.083,14"
"Nordeste";"SE";"2017";"FUNDEB - ITR";"R$116.024,23"
"Nordeste";"SE";"2017";"FUNDEB - LC 87";"R$374.528,28"
"Nordeste";"SE";"2018";"FUNDEB - COUN";"R$0,00"
"Nordeste";"SE";"2018";"FUNDEB - FPE";"R$273.022.640,95"
"Nordeste";"SE";"2018";"FUNDEB - FPM";"R$104.060.647,74"
"Nordeste";"SE";"2018";"FUNDEB - ICMS";"R$270.153.223,36"
"Nordeste";"SE";"2018";"FUNDEB - IPI-EXP";"R$267.334,95"
"Nordeste";"SE";"2018";"FUNDEB - IPVA";"R$17.229.427,06"
"Nordeste";"SE";"2018";"FUNDEB - ITCMD";"R$1.669.772,44"
"Nordeste";"SE";"2018";"FUNDEB - ITR";"R$118.206,24"
"Nordeste";"SE";"2018";"FUNDEB - LC 87";"R$355.669,80"
"Nordeste";"SE";"2019";"FUNDEB - COUN";"R$0,00"
"Nordeste";"SE";"2019";"FUNDEB - FPE";"R$296.979.773,34"
"Nordeste";"SE";"2019";"FUNDEB - FPM";"R$112.602.063,96"
"Nordeste";"SE";"2019";"FUNDEB - ICMS";"R$250.815.128,01"
"Nordeste";"SE";"2019";"FUNDEB - IPI-EXP";"R$150.301,51"
"Nordeste";"SE";"2019";"FUNDEB - IPVA";"R$18.602.176,19"
"Nordeste";"SE";"2019";"FUNDEB - ITCMD";"R$4.208.145,60"
"Nordeste";"SE";"2019";"FUNDEB - ITR";"R$116.236,67"
"Nordeste";"SE";"2019";"FUNDEB - LC 87";"R$0,00"
"Nordeste";"SE";"2020";"FUNDEB - COUN";"R$0,00"
"Nordeste";"SE";"2020";"FUNDEB - FPE";"R$278.035.566,05"
"Nordeste";"SE";"2020";"FUNDEB - FPM";"R$105.394.097,82"
"Nordeste";"SE";"2020";"FUNDEB - ICMS";"R$253.375.858,45"
"Nordeste";"SE";"2020";"FUNDEB - IPI-EXP";"R$105.877,81"
"Nordeste";"SE";"2020";"FUNDEB - IPVA";"R$19.545.834,35"
"Nordeste";"SE";"2020";"FUNDEB - ITCMD";"R$2.076.222,36"
"Nordeste";"SE";"2020";"FUNDEB - ITR";"R$117.875,29"
"Nordeste";"SE";"2020";"FUNDEB - LC 87";"R$0,00"
"Nordeste";"SE";"2021";"FUNDEB - COUN";"R$0,00"
"Nordeste";"SE";"2021";"FUNDEB - FPE";"R$376.779.921,03"
"Nordeste";"SE";"2021";"FUNDEB - FPM";"R$144.870.738,24"
"Nordeste";"SE";"2021";"FUNDEB - ICMS";"R$303.681.983,01"
"Nordeste";"SE";"2021";"FUNDEB - IPI-EXP";"R$105.649,38"
"Nordeste";"SE";"2021";"FUNDEB - IPVA";"R$21.056.400,06"
"Nordeste";"SE";"2021";"FUNDEB - ITCMD";"R$1.937.196,52"
"Nordeste";"SE";"2021";"FUNDEB - ITR";"R$128.130,33"
"Nordeste";"SE";"2021";"FUNDEB - LC 87";"R$0,00"
"Nordeste";"SE";"2022";"FUNDEB - AFE";"R$626.236,20"
"Nordeste";"SE";"2022";"FUNDEB - FPE";"R$465.517.770,18"
"Nordeste";"SE";"2022";"FUNDEB - FPM";"R$184.085.009,19"
"Nordeste";"SE";"2022";"FUNDEB - ICMS";"R$350.025.375,14"
"Nordeste";"SE";"2022";"FUNDEB - IPI-EXP";"R$80.944,42"
"Nordeste";"SE";"2022";"FUNDEB - IPVA";"R$28.146.638,13"
"Nordeste";"SE";"2022";"FUNDEB - ITCMD";"R$2.690.134,82"
"Nordeste";"SE";"2022";"FUNDEB - ITR";"R$158.892,29"
"Nordeste";"SE";"2023";"FUNDEB - FPE";"R$492.790.100,44"
"Nordeste";"SE";"2023";"FUNDEB - FPM";"R$191.475.626,28"
"Nordeste";"SE";"2023";"FUNDEB - ICMS";"R$390.472.838,10"
"Nordeste";"SE";"2023";"FUNDEB - IPI-EXP";"R$198.796,52"
"Nordeste";"SE";"2023";"FUNDEB - IPVA";"R$35.225.892,50"
"Nordeste";"SE";"2023";"FUNDEB - ITCMD";"R$3.913.624,57"
"Nordeste";"SE";"2023";"FUNDEB - ITR";"R$181.338,42"
"Nordeste";"SE";"2024";"FUNDEB - FPE";"R$543.654.842,99"
"Nordeste";"SE";"2024";"FUNDEB - FPM";"R$218.933.810,31"
"Nordeste";"SE";"2024";"FUNDEB - ICMS";"R$403.713.999,27"
"Nordeste";"SE";"2024";"FUNDEB - IPI-EXP";"R$374.827,93"
"Nordeste";"SE";"2024";"FUNDEB - IPVA";"R$35.535.351,76"
"Nordeste";"SE";"2024";"FUNDEB - ITCMD";"R$3.486.335,63"
"Nordeste";"SE";"2024";"FUNDEB - ITR";"R$217.630,45"
"Nordeste";"SE";"2025";"FUNDEB - COUN VAAR";"R$54.980.912,76"
"Nordeste";"SE";"2025";"FUNDEB - FPE";"R$603.897.575,99"
"Nordeste";"SE";"2025";"FUNDEB - FPM";"R$235.271.529,71"
"Nordeste";"SE";"2025";"FUNDEB - FUNDEB - FTI";"R$8.372.858,55"
"Nordeste";"SE";"2025";"FUNDEB - ICMS";"R$441.824.578,08"
"Nordeste";"SE";"2025";"FUNDEB - IPI-EXP";"R$1.062.534,46"
"Nordeste";"SE";"2025";"FUNDEB - IPVA";"R$39.176.593,58"
"Nordeste";"SE";"2025";"FUNDEB - ITCMD";"R$4.264.425,18"
"Nordeste";"SE";"2025";"FUNDEB - ITR";"R$229.590,58"
"Nordeste";"SE";"2026";"FUNDEB - COUN VAAF";"R$0,00"
"Nordeste";"SE";"2026";"FUNDEB - COUN VAAR";"R$50.730.883,52"
"Nordeste";"SE";"2026";"FUNDEB - COUN VAAT";"R$0,00"
"Nordeste";"SE";"2026";"FUNDEB - FPE";"R$406.717.866,13"
"Nordeste";"SE";"2026";"FUNDEB - FPM";"R$161.846.324,94"
"Nordeste";"SE";"2026";"FUNDEB - FUNDEB - FTI";"R$1.477.563,27"
"Nordeste";"SE";"2026";"FUNDEB - ICMS";"R$285.641.703,73"
"Nordeste";"SE";"2026";"FUNDEB - IPI-EXP";"R$735.562,93"
"Nordeste";"SE";"2026";"FUNDEB - IPVA";"R$28.117.560,65"
"Nordeste";"SE";"2026";"FUNDEB - ITCMD";"R$2.315.072,91"
"Nordeste";"SE";"2026";"FUNDEB - ITR";"R$53.535,67"
"Norte";"AC";"2016";"FUNDEB - FPE";"R$377.736.566,87"
"Norte";"AC";"2016";"FUNDEB - FPM";"R$60.455.827,32"
"Norte";"AC";"2016";"FUNDEB - ICMS";"R$123.620.984,48"
"Norte";"AC";"2016";"FUNDEB - IPI-EXP";"R$34.520,51"
"Norte";"AC";"2016";"FUNDEB - IPVA";"R$7.379.057,96"
"Norte";"AC";"2016";"FUNDEB - ITCMD";"R$403.241,78"
"Norte";"AC";"2016";"FUNDEB - ITR";"R$51.575,12"
"Norte";"AC";"2016";"FUNDEB - LC 87";"R$220.464,84"
"Norte";"AC";"2017";"FUNDEB - COUN";"R$0,00"
"Norte";"AC";"2017";"FUNDEB - FPE";"R$354.410.380,75"
"Norte";"AC";"2017";"FUNDEB - FPM";"R$54.145.114,62"
"Norte";"AC";"2017";"FUNDEB - ICMS";"R$147.036.757,96"
"Norte";"AC";"2017";"FUNDEB - IPI-EXP";"R$50.734,08"
"Norte";"AC";"2017";"FUNDEB - IPVA";"R$7.940.913,50"
"Norte";"AC";"2017";"FUNDEB - ITCMD";"R$1.348.029,59"
"Norte";"AC";"2017";"FUNDEB - ITR";"R$58.507,44"
"Norte";"AC";"2017";"FUNDEB - LC 87";"R$219.526,32"
"Norte";"AC";"2018";"FUNDEB - COUN";"R$0,00"
"Norte";"AC";"2018";"FUNDEB - FPE";"R$390.562.206,66"
"Norte";"AC";"2018";"FUNDEB - FPM";"R$63.465.765,62"
"Norte";"AC";"2018";"FUNDEB - ICMS";"R$178.590.491,26"
"Norte";"AC";"2018";"FUNDEB - IPI-EXP";"R$52.824,66"
"Norte";"AC";"2018";"FUNDEB - IPVA";"R$10.679.838,76"
"Norte";"AC";"2018";"FUNDEB - ITCMD";"R$548.470,81"
"Norte";"AC";"2018";"FUNDEB - ITR";"R$65.029,50"
"Norte";"AC";"2018";"FUNDEB - LC 87";"R$219.599,42"
"Norte";"AC";"2019";"FUNDEB - COUN";"R$0,00"
"Norte";"AC";"2019";"FUNDEB - FPE";"R$423.216.393,47"
"Norte";"AC";"2019";"FUNDEB - FPM";"R$67.968.820,59"
"Norte";"AC";"2019";"FUNDEB - ICMS";"R$179.400.823,72"
"Norte";"AC";"2019";"FUNDEB - IPI-EXP";"R$94.941,12"
"Norte";"AC";"2019";"FUNDEB - IPVA";"R$9.082.003,45"
"Norte";"AC";"2019";"FUNDEB - ITCMD";"R$576.154,80"
"Norte";"AC";"2019";"FUNDEB - ITR";"R$65.436,05"
"Norte";"AC";"2019";"FUNDEB - LC 87";"R$0,00"
"Norte";"AC";"2020";"FUNDEB - COUN";"R$0,00"
"Norte";"AC";"2020";"FUNDEB - FPE";"R$384.821.199,97"
"Norte";"AC";"2020";"FUNDEB - FPM";"R$62.659.477,10"
"Norte";"AC";"2020";"FUNDEB - ICMS";"R$160.751.783,64"
"Norte";"AC";"2020";"FUNDEB - IPI-EXP";"R$98.080,77"
"Norte";"AC";"2020";"FUNDEB - IPVA";"R$9.082.317,03"
"Norte";"AC";"2020";"FUNDEB - ITCMD";"R$519.791,01"
"Norte";"AC";"2020";"FUNDEB - ITR";"R$65.933,13"
"Norte";"AC";"2020";"FUNDEB - LC 87";"R$0,00"
"Norte";"AC";"2021";"FUNDEB - COUN";"R$0,00"
"Norte";"AC";"2021";"FUNDEB - FPE";"R$528.651.626,72"
"Norte";"AC";"2021";"FUNDEB - FPM";"R$89.452.027,79"
"Norte";"AC";"2021";"FUNDEB - ICMS";"R$202.283.042,08"
"Norte";"AC";"2021";"FUNDEB - IPI-EXP";"R$138.593,96"
"Norte";"AC";"2021";"FUNDEB - IPVA";"R$9.002.473,49"
"Norte";"AC";"2021";"FUNDEB - ITCMD";"R$829.422,95"
"Norte";"AC";"2021";"FUNDEB - ITR";"R$78.817,29"
"Norte";"AC";"2021";"FUNDEB - LC 87";"R$0,00"
"Norte";"AC";"2022";"FUNDEB - AFE";"R$190.812,20"
"Norte";"AC";"2022";"FUNDEB - FPE";"R$671.809.999,99"
"Norte";"AC";"2022";"FUNDEB - FPM";"R$113.545.484,17"
"Norte";"AC";"2022";"FUNDEB - ICMS";"R$216.724.490,30"
"Norte";"AC";"2022";"FUNDEB - IPI-EXP";"R$125.241,19"
"Norte";"AC";"2022";"FUNDEB - IPVA";"R$14.074.292,89"
"Norte";"AC";"2022";"FUNDEB - ITCMD";"R$1.432.997,38"
"Norte";"AC";"2022";"FUNDEB - ITR";"R$106.026,10"
"Norte";"AC";"2023";"FUNDEB - FPE";"R$700.123.724,13"
"Norte";"AC";"2023";"FUNDEB - FPM";"R$119.108.929,25"
"Norte";"AC";"2023";"FUNDEB - ICMS";"R$233.496.623,39"
"Norte";"AC";"2023";"FUNDEB - IPI-EXP";"R$109.251,90"
"Norte";"AC";"2023";"FUNDEB - IPVA";"R$16.043.477,56"
"Norte";"AC";"2023";"FUNDEB - ITCMD";"R$1.914.605,80"
"Norte";"AC";"2023";"FUNDEB - ITR";"R$114.659,63"
"Norte";"AC";"2024";"FUNDEB - COUN VAAR";"R$4.110.979,48"
"Norte";"AC";"2024";"FUNDEB - FPE";"R$815.991.078,66"
"Norte";"AC";"2024";"FUNDEB - FPM";"R$127.490.222,32"
"Norte";"AC";"2024";"FUNDEB - ICMS";"R$263.736.381,38"
"Norte";"AC";"2024";"FUNDEB - IPI-EXP";"R$91.336,15"
"Norte";"AC";"2024";"FUNDEB - IPVA";"R$16.603.059,38"
"Norte";"AC";"2024";"FUNDEB - ITCMD";"R$1.953.633,12"
"Norte";"AC";"2024";"FUNDEB - ITR";"R$219.632,87"
"Norte";"AC";"2025";"FUNDEB - COUN VAAR";"R$2.380.664,13"
"Norte";"AC";"2025";"FUNDEB - FPE";"R$938.146.153,80"
"Norte";"AC";"2025";"FUNDEB - FPM";"R$140.643.051,28"
"Norte";"AC";"2025";"FUNDEB - FUNDEB - FTI";"R$9.814.324,74"
"Norte";"AC";"2025";"FUNDEB - ICMS";"R$265.525.825,80"
"Norte";"AC";"2025";"FUNDEB - IPI-EXP";"R$190.696,03"
"Norte";"AC";"2025";"FUNDEB - IPVA";"R$19.216.211,69"
"Norte";"AC";"2025";"FUNDEB - ITCMD";"R$1.225.673,29"
"Norte";"AC";"2025";"FUNDEB - ITR";"R$131.136,36"
"Norte";"AC";"2026";"FUNDEB - COUN VAAF";"R$0,00"
"Norte";"AC";"2026";"FUNDEB - COUN VAAR";"R$0,00"
"Norte";"AC";"2026";"FUNDEB - COUN VAAT";"R$0,00"
"Norte";"AC";"2026";"FUNDEB - FPE";"R$662.639.686,74"
"Norte";"AC";"2026";"FUNDEB - FPM";"R$100.687.363,18"
"Norte";"AC";"2026";"FUNDEB - FUNDEB - FTI";"R$1.731.939,66"
"Norte";"AC";"2026";"FUNDEB - ICMS";"R$195.188.302,31"
"Norte";"AC";"2026";"FUNDEB - IPI-EXP";"R$225.008,99"
"Norte";"AC";"2026";"FUNDEB - IPVA";"R$16.884.250,24"
"Norte";"AC";"2026";"FUNDEB - ITCMD";"R$870.244,57"
"Norte";"AC";"2026";"FUNDEB - ITR";"R$27.473,48"
"Norte";"AM";"2016";"FUNDEB - COUN";"R$355.866.953,12"
"Norte";"AM";"2016";"FUNDEB - FPE";"R$229.908.552,09"
"Norte";"AM";"2016";"FUNDEB - FPM";"R$124.907.037,47"
"Norte";"AM";"2016";"FUNDEB - ICMS";"R$628.758.676,19"
"Norte";"AM";"2016";"FUNDEB - IPI-EXP";"R$2.553.005,78"
"Norte";"AM";"2016";"FUNDEB - IPVA";"R$26.710.934,69"
"Norte";"AM";"2016";"FUNDEB - ITCMD";"R$717.413,14"
"Norte";"AM";"2016";"FUNDEB - ITR";"R$96.766,76"
"Norte";"AM";"2016";"FUNDEB - LC 87";"R$1.750.483,44"
"Norte";"AM";"2017";"FUNDEB - COUN";"R$672.598.390,52"
"Norte";"AM";"2017";"FUNDEB - FPE";"R$217.183.652,22"
"Norte";"AM";"2017";"FUNDEB - FPM";"R$122.140.898,55"
"Norte";"AM";"2017";"FUNDEB - ICMS";"R$748.561.001,99"
"Norte";"AM";"2017";"FUNDEB - IPI-EXP";"R$3.015.515,57"
"Norte";"AM";"2017";"FUNDEB - IPVA";"R$29.068.449,70"
"Norte";"AM";"2017";"FUNDEB - ITCMD";"R$1.358.410,73"
"Norte";"AM";"2017";"FUNDEB - ITR";"R$85.513,95"
"Norte";"AM";"2017";"FUNDEB - LC 87";"R$1.787.887,68"
"Norte";"AM";"2018";"FUNDEB - COUN";"R$522.395.797,00"
"Norte";"AM";"2018";"FUNDEB - FPE";"R$233.908.142,18"
"Norte";"AM";"2018";"FUNDEB - FPM";"R$135.346.116,84"
"Norte";"AM";"2018";"FUNDEB - ICMS";"R$822.609.679,31"
"Norte";"AM";"2018";"FUNDEB - IPI-EXP";"R$2.325.795,51"
"Norte";"AM";"2018";"FUNDEB - IPVA";"R$29.095.217,32"
"Norte";"AM";"2018";"FUNDEB - ITCMD";"R$877.689,98"
"Norte";"AM";"2018";"FUNDEB - ITR";"R$100.918,07"
"Norte";"AM";"2018";"FUNDEB - LC 87";"R$1.721.357,76"
"Norte";"AM";"2019";"FUNDEB - COUN";"R$519.902.844,77"
"Norte";"AM";"2019";"FUNDEB - FPE";"R$253.712.073,07"
"Norte";"AM";"2019";"FUNDEB - FPM";"R$145.443.501,12"
"Norte";"AM";"2019";"FUNDEB - ICMS";"R$899.667.207,05"
"Norte";"AM";"2019";"FUNDEB - IPI-EXP";"R$2.790.895,45"
"Norte";"AM";"2019";"FUNDEB - IPVA";"R$32.403.359,44"
"Norte";"AM";"2019";"FUNDEB - ITCMD";"R$1.132.944,69"
"Norte";"AM";"2019";"FUNDEB - ITR";"R$107.056,53"
"Norte";"AM";"2019";"FUNDEB - LC 87";"R$0,00"
"Norte";"AM";"2020";"FUNDEB - COUN";"R$514.126.221,31"
"Norte";"AM";"2020";"FUNDEB - FPE";"R$237.935.038,20"
"Norte";"AM";"2020";"FUNDEB - FPM";"R$136.676.606,63"
"Norte";"AM";"2020";"FUNDEB - ICMS";"R$939.712.408,55"
"Norte";"AM";"2020";"FUNDEB - IPI-EXP";"R$2.148.466,66"
"Norte";"AM";"2020";"FUNDEB - IPVA";"R$35.101.867,10"
"Norte";"AM";"2020";"FUNDEB - ITCMD";"R$1.536.131,19"
"Norte";"AM";"2020";"FUNDEB - ITR";"R$104.805,54"
"Norte";"AM";"2020";"FUNDEB - LC 87";"R$0,00"
"Norte";"AM";"2021";"FUNDEB - COUN";"R$0,00"
"Norte";"AM";"2021";"FUNDEB - COUN VAAF";"R$526.387.650,01"
"Norte";"AM";"2021";"FUNDEB - FPE";"R$344.156.201,95"
"Norte";"AM";"2021";"FUNDEB - FPM";"R$184.372.106,10"
"Norte";"AM";"2021";"FUNDEB - ICMS";"R$1.133.674.805,46"
"Norte";"AM";"2021";"FUNDEB - IPI-EXP";"R$3.411.747,25"
"Norte";"AM";"2021";"FUNDEB - IPVA";"R$37.820.479,90"
"Norte";"AM";"2021";"FUNDEB - ITCMD";"R$2.457.085,96"
"Norte";"AM";"2021";"FUNDEB - ITR";"R$119.411,45"
"Norte";"AM";"2021";"FUNDEB - LC 87";"R$0,00"
"Norte";"AM";"2022";"FUNDEB - AFE";"R$2.556.487,55"
"Norte";"AM";"2022";"FUNDEB - COUN VAAF";"R$644.768.188,54"
"Norte";"AM";"2022";"FUNDEB - FPE";"R$448.241.073,84"
"Norte";"AM";"2022";"FUNDEB - FPM";"R$230.613.417,23"
"Norte";"AM";"2022";"FUNDEB - ICMS";"R$1.196.754.767,84"
"Norte";"AM";"2022";"FUNDEB - IPI-EXP";"R$3.113.268,16"
"Norte";"AM";"2022";"FUNDEB - IPVA";"R$44.011.519,80"
"Norte";"AM";"2022";"FUNDEB - ITCMD";"R$4.745.892,41"
"Norte";"AM";"2022";"FUNDEB - ITR";"R$135.561,03"
"Norte";"AM";"2023";"FUNDEB - COUN VAAF";"R$557.832.499,44"
"Norte";"AM";"2023";"FUNDEB - COUN VAAR";"R$23.652.528,17"
"Norte";"AM";"2023";"FUNDEB - FPE";"R$455.670.751,99"
"Norte";"AM";"2023";"FUNDEB - FPM";"R$237.102.542,66"
"Norte";"AM";"2023";"FUNDEB - ICMS";"R$1.211.882.223,78"
"Norte";"AM";"2023";"FUNDEB - IPI-EXP";"R$2.231.757,67"
"Norte";"AM";"2023";"FUNDEB - IPVA";"R$65.419.352,71"
"Norte";"AM";"2023";"FUNDEB - ITCMD";"R$3.506.872,36"
"Norte";"AM";"2023";"FUNDEB - ITR";"R$145.915,58"
"Norte";"AM";"2024";"FUNDEB - COUN VAAF";"R$609.418.127,00"
"Norte";"AM";"2024";"FUNDEB - COUN VAAR";"R$50.142.847,94"
"Norte";"AM";"2024";"FUNDEB - FPE";"R$532.485.761,94"
"Norte";"AM";"2024";"FUNDEB - FPM";"R$282.284.734,89"
"Norte";"AM";"2024";"FUNDEB - ICMS";"R$1.293.960.267,71"
"Norte";"AM";"2024";"FUNDEB - IPI-EXP";"R$3.553.376,37"
"Norte";"AM";"2024";"FUNDEB - IPVA";"R$80.410.615,94"
"Norte";"AM";"2024";"FUNDEB - ITCMD";"R$6.057.969,72"
"Norte";"AM";"2024";"FUNDEB - ITR";"R$137.149,91"
"Norte";"AM";"2025";"FUNDEB - COUN VAAF";"R$682.767.093,18"
"Norte";"AM";"2025";"FUNDEB - COUN VAAR";"R$152.693.212,42"
"Norte";"AM";"2025";"FUNDEB - FPE";"R$559.203.675,02"
"Norte";"AM";"2025";"FUNDEB - FPM";"R$304.754.816,63"
"Norte";"AM";"2025";"FUNDEB - FUNDEB - FTI";"R$18.656.477,93"
"Norte";"AM";"2025";"FUNDEB - ICMS";"R$1.329.905.312,06"
"Norte";"AM";"2025";"FUNDEB - IPI-EXP";"R$3.803.714,48"
"Norte";"AM";"2025";"FUNDEB - IPVA";"R$84.264.594,78"
"Norte";"AM";"2025";"FUNDEB - ITCMD";"R$4.670.013,78"
"Norte";"AM";"2025";"FUNDEB - ITR";"R$245.398,72"
"Norte";"AM";"2026";"FUNDEB - COUN VAAF";"R$228.932.319,19"
"Norte";"AM";"2026";"FUNDEB - COUN VAAR";"R$133.097.012,28"
"Norte";"AM";"2026";"FUNDEB - COUN VAAT";"R$0,00"
"Norte";"AM";"2026";"FUNDEB - FPE";"R$395.453.648,99"
"Norte";"AM";"2026";"FUNDEB - FPM";"R$209.777.248,01"
"Norte";"AM";"2026";"FUNDEB - FUNDEB - FTI";"R$3.292.319,63"
"Norte";"AM";"2026";"FUNDEB - ICMS";"R$843.848.606,33"
"Norte";"AM";"2026";"FUNDEB - IPI-EXP";"R$2.081.405,12"
"Norte";"AM";"2026";"FUNDEB - IPVA";"R$36.283.495,71"
"Norte";"AM";"2026";"FUNDEB - ITCMD";"R$1.617.968,67"
"Norte";"AM";"2026";"FUNDEB - ITR";"R$30.022,93"
"Norte";"AP";"2016";"FUNDEB - FPE";"R$387.005.342,60"
"Norte";"AP";"2016";"FUNDEB - FPM";"R$46.157.986,67"
"Norte";"AP";"2016";"FUNDEB - ICMS";"R$90.546.879,86"
"Norte";"AP";"2016";"FUNDEB - IPI-EXP";"R$1.091.689,71"
"Norte";"AP";"2016";"FUNDEB - IPVA";"R$7.997.877,47"
"Norte";"AP";"2016";"FUNDEB - ITCMD";"R$110.733,94"
"Norte";"AP";"2016";"FUNDEB - ITR";"R$83.531,91"
"Norte";"AP";"2016";"FUNDEB - LC 87";"R$1.021.984,68"
"Norte";"AP";"2017";"FUNDEB - COUN";"R$0,00"
"Norte";"AP";"2017";"FUNDEB - FPE";"R$356.452.082,62"
"Norte";"AP";"2017";"FUNDEB - FPM";"R$43.243.164,63"
"Norte";"AP";"2017";"FUNDEB - ICMS";"R$93.283.328,03"
"Norte";"AP";"2017";"FUNDEB - IPI-EXP";"R$999.071,27"
"Norte";"AP";"2017";"FUNDEB - IPVA";"R$8.219.703,53"
"Norte";"AP";"2017";"FUNDEB - ITCMD";"R$90.637,63"
"Norte";"AP";"2017";"FUNDEB - ITR";"R$98.281,46"
"Norte";"AP";"2017";"FUNDEB - LC 87";"R$994.683,36"
"Norte";"AP";"2018";"FUNDEB - COUN";"R$0,00"
"Norte";"AP";"2018";"FUNDEB - FPE";"R$386.654.830,48"
"Norte";"AP";"2018";"FUNDEB - FPM";"R$46.827.033,28"
"Norte";"AP";"2018";"FUNDEB - ICMS";"R$98.421.220,05"
"Norte";"AP";"2018";"FUNDEB - IPI-EXP";"R$1.146.834,78"
"Norte";"AP";"2018";"FUNDEB - IPVA";"R$8.184.478,98"
"Norte";"AP";"2018";"FUNDEB - ITCMD";"R$108.999,03"
"Norte";"AP";"2018";"FUNDEB - ITR";"R$90.207,98"
"Norte";"AP";"2018";"FUNDEB - LC 87";"R$981.807,25"
"Norte";"AP";"2019";"FUNDEB - COUN";"R$0,00"
"Norte";"AP";"2019";"FUNDEB - FPE";"R$416.999.315,43"
"Norte";"AP";"2019";"FUNDEB - FPM";"R$50.349.054,76"
"Norte";"AP";"2019";"FUNDEB - ICMS";"R$105.372.698,30"
"Norte";"AP";"2019";"FUNDEB - IPI-EXP";"R$1.075.301,19"
"Norte";"AP";"2019";"FUNDEB - IPVA";"R$9.436.706,04"
"Norte";"AP";"2019";"FUNDEB - ITCMD";"R$118.236,64"
"Norte";"AP";"2019";"FUNDEB - ITR";"R$50.036,04"
"Norte";"AP";"2019";"FUNDEB - LC 87";"R$0,00"
"Norte";"AP";"2020";"FUNDEB - COUN";"R$0,00"
"Norte";"AP";"2020";"FUNDEB - FPE";"R$393.131.680,25"
"Norte";"AP";"2020";"FUNDEB - FPM";"R$47.088.798,07"
"Norte";"AP";"2020";"FUNDEB - ICMS";"R$130.198.891,77"
"Norte";"AP";"2020";"FUNDEB - IPI-EXP";"R$872.568,35"
"Norte";"AP";"2020";"FUNDEB - IPVA";"R$9.453.559,76"
"Norte";"AP";"2020";"FUNDEB - ITCMD";"R$207.841,56"
"Norte";"AP";"2020";"FUNDEB - ITR";"R$49.848,80"
"Norte";"AP";"2020";"FUNDEB - LC 87";"R$0,00"
"Norte";"AP";"2021";"FUNDEB - COUN";"R$0,00"
"Norte";"AP";"2021";"FUNDEB - FPE";"R$538.852.272,88"
"Norte";"AP";"2021";"FUNDEB - FPM";"R$63.105.305,23"
"Norte";"AP";"2021";"FUNDEB - ICMS";"R$143.513.406,09"
"Norte";"AP";"2021";"FUNDEB - IPI-EXP";"R$1.459.595,50"
"Norte";"AP";"2021";"FUNDEB - IPVA";"R$9.433.215,14"
"Norte";"AP";"2021";"FUNDEB - ITCMD";"R$230.597,17"
"Norte";"AP";"2021";"FUNDEB - ITR";"R$61.025,52"
"Norte";"AP";"2021";"FUNDEB - LC 87";"R$0,00"
"Norte";"AP";"2022";"FUNDEB - FPE";"R$684.118.264,23"
"Norte";"AP";"2022";"FUNDEB - FPM";"R$79.742.955,44"
"Norte";"AP";"2022";"FUNDEB - ICMS";"R$176.348.227,37"
"Norte";"AP";"2022";"FUNDEB - IPI-EXP";"R$1.281.579,66"
"Norte";"AP";"2022";"FUNDEB - IPVA";"R$15.126.052,57"
"Norte";"AP";"2022";"FUNDEB - ITCMD";"R$450.822,44"
"Norte";"AP";"2022";"FUNDEB - ITR";"R$65.239,40"
"Norte";"AP";"2023";"FUNDEB - COUN VAAR";"R$5.887.753,23"
"Norte";"AP";"2023";"FUNDEB - FPE";"R$692.819.521,89"
"Norte";"AP";"2023";"FUNDEB - FPM";"R$81.142.896,05"
"Norte";"AP";"2023";"FUNDEB - ICMS";"R$169.935.052,67"
"Norte";"AP";"2023";"FUNDEB - IPI-EXP";"R$729.070,58"
"Norte";"AP";"2023";"FUNDEB - IPVA";"R$18.028.535,85"
"Norte";"AP";"2023";"FUNDEB - ITCMD";"R$321.852,36"
"Norte";"AP";"2023";"FUNDEB - ITR";"R$131.932,27"
"Norte";"AP";"2024";"FUNDEB - COUN VAAR";"R$11.087.324,67"
"Norte";"AP";"2024";"FUNDEB - FPE";"R$766.051.987,80"
"Norte";"AP";"2024";"FUNDEB - FPM";"R$99.584.925,04"
"Norte";"AP";"2024";"FUNDEB - ICMS";"R$176.513.268,07"
"Norte";"AP";"2024";"FUNDEB - IPI-EXP";"R$549.467,82"
"Norte";"AP";"2024";"FUNDEB - IPVA";"R$12.788.163,59"
"Norte";"AP";"2024";"FUNDEB - ITCMD";"R$446.396,30"
"Norte";"AP";"2024";"FUNDEB - ITR";"R$98.116,63"
"Norte";"AP";"2025";"FUNDEB - COUN VAAR";"R$1.648.620,10"
"Norte";"AP";"2025";"FUNDEB - FPE";"R$779.291.902,04"
"Norte";"AP";"2025";"FUNDEB - FPM";"R$98.707.636,92"
"Norte";"AP";"2025";"FUNDEB - FUNDEB - FTI";"R$3.664.297,40"
"Norte";"AP";"2025";"FUNDEB - ICMS";"R$195.988.589,82"
"Norte";"AP";"2025";"FUNDEB - IPI-EXP";"R$315.091,95"
"Norte";"AP";"2025";"FUNDEB - IPVA";"R$18.708.213,01"
"Norte";"AP";"2025";"FUNDEB - ITCMD";"R$404.553,58"
"Norte";"AP";"2025";"FUNDEB - ITR";"R$55.761,42"
"Norte";"AP";"2026";"FUNDEB - COUN VAAF";"R$0,00"
"Norte";"AP";"2026";"FUNDEB - COUN VAAR";"R$0,00"
"Norte";"AP";"2026";"FUNDEB - COUN VAAT";"R$0,00"
"Norte";"AP";"2026";"FUNDEB - FPE";"R$575.749.861,71"
"Norte";"AP";"2026";"FUNDEB - FPM";"R$62.462.705,83"
"Norte";"AP";"2026";"FUNDEB - FUNDEB - FTI";"R$646.640,72"
"Norte";"AP";"2026";"FUNDEB - ICMS";"R$122.863.684,49"
"Norte";"AP";"2026";"FUNDEB - IPI-EXP";"R$148.745,46"
"Norte";"AP";"2026";"FUNDEB - IPVA";"R$13.969.292,94"
"Norte";"AP";"2026";"FUNDEB - ITCMD";"R$317.684,96"
"Norte";"AP";"2026";"FUNDEB - ITR";"R$7.349,56"
"Norte";"PA";"2016";"FUNDEB - COUN";"R$894.418.926,81"
"Norte";"PA";"2016";"FUNDEB - FPE";"R$319.995.012,06"
"Norte";"PA";"2016";"FUNDEB - FPM";"R$191.534.632,43"
"Norte";"PA";"2016";"FUNDEB - ICMS";"R$580.168.659,63"
"Norte";"PA";"2016";"FUNDEB - IPI-EXP";"R$13.536.233,33"
"Norte";"PA";"2016";"FUNDEB - IPVA";"R$30.004.320,20"
"Norte";"PA";"2016";"FUNDEB - ITCMD";"R$1.645.548,55"
"Norte";"PA";"2016";"FUNDEB - ITR";"R$1.085.398,63"
"Norte";"PA";"2016";"FUNDEB - LC 87";"R$5.080.005,60"
"Norte";"PA";"2017";"FUNDEB - COUN";"R$988.093.824,90"
"Norte";"PA";"2017";"FUNDEB - FPE";"R$307.494.609,27"
"Norte";"PA";"2017";"FUNDEB - FPM";"R$184.719.296,25"
"Norte";"PA";"2017";"FUNDEB - ICMS";"R$635.063.694,09"
"Norte";"PA";"2017";"FUNDEB - IPI-EXP";"R$15.217.341,17"
"Norte";"PA";"2017";"FUNDEB - IPVA";"R$32.161.633,01"
"Norte";"PA";"2017";"FUNDEB - ITCMD";"R$1.559.796,12"
"Norte";"PA";"2017";"FUNDEB - ITR";"R$1.428.160,40"
"Norte";"PA";"2017";"FUNDEB - LC 87";"R$5.128.112,52"
"Norte";"PA";"2018";"FUNDEB - COUN";"R$975.615.848,77"
"Norte";"PA";"2018";"FUNDEB - FPE";"R$317.338.162,01"
"Norte";"PA";"2018";"FUNDEB - FPM";"R$190.460.795,48"
"Norte";"PA";"2018";"FUNDEB - ICMS";"R$639.118.069,87"
"Norte";"PA";"2018";"FUNDEB - IPI-EXP";"R$19.327.895,96"
"Norte";"PA";"2018";"FUNDEB - IPVA";"R$33.439.030,87"
"Norte";"PA";"2018";"FUNDEB - ITCMD";"R$2.548.906,09"
"Norte";"PA";"2018";"FUNDEB - ITR";"R$1.071.215,45"
"Norte";"PA";"2018";"FUNDEB - LC 87";"R$4.828.146,12"
"Norte";"PA";"2019";"FUNDEB - COUN";"R$1.110.704.394,79"
"Norte";"PA";"2019";"FUNDEB - FPE";"R$344.650.453,11"
"Norte";"PA";"2019";"FUNDEB - FPM";"R$205.697.724,23"
"Norte";"PA";"2019";"FUNDEB - ICMS";"R$700.836.149,45"
"Norte";"PA";"2019";"FUNDEB - IPI-EXP";"R$19.904.248,54"
"Norte";"PA";"2019";"FUNDEB - IPVA";"R$37.164.408,18"
"Norte";"PA";"2019";"FUNDEB - ITCMD";"R$2.392.001,71"
"Norte";"PA";"2019";"FUNDEB - ITR";"R$892.469,18"
"Norte";"PA";"2019";"FUNDEB - LC 87";"R$0,00"
"Norte";"PA";"2020";"FUNDEB - COUN";"R$1.039.537.815,53"
"Norte";"PA";"2020";"FUNDEB - FPE";"R$323.964.991,91"
"Norte";"PA";"2020";"FUNDEB - FPM";"R$194.467.044,27"
"Norte";"PA";"2020";"FUNDEB - ICMS";"R$783.569.686,09"
"Norte";"PA";"2020";"FUNDEB - IPI-EXP";"R$19.339.764,61"
"Norte";"PA";"2020";"FUNDEB - IPVA";"R$38.149.195,62"
"Norte";"PA";"2020";"FUNDEB - ITCMD";"R$1.908.229,13"
"Norte";"PA";"2020";"FUNDEB - ITR";"R$1.039.377,95"
"Norte";"PA";"2020";"FUNDEB - LC 87";"R$0,00"
"Norte";"PA";"2021";"FUNDEB - COUN";"R$0,00"
"Norte";"PA";"2021";"FUNDEB - COUN VAAF";"R$1.069.717.806,08"
"Norte";"PA";"2021";"FUNDEB - FPE";"R$445.168.573,48"
"Norte";"PA";"2021";"FUNDEB - FPM";"R$263.927.033,96"
"Norte";"PA";"2021";"FUNDEB - ICMS";"R$967.304.755,44"
"Norte";"PA";"2021";"FUNDEB - IPI-EXP";"R$34.355.960,36"
"Norte";"PA";"2021";"FUNDEB - IPVA";"R$44.546.961,12"
"Norte";"PA";"2021";"FUNDEB - ITCMD";"R$3.238.946,54"
"Norte";"PA";"2021";"FUNDEB - ITR";"R$1.321.438,07"
"Norte";"PA";"2021";"FUNDEB - LC 87";"R$0,00"
"Norte";"PA";"2022";"FUNDEB - AFE";"R$608.222,55"
"Norte";"PA";"2022";"FUNDEB - COUN VAAF";"R$1.264.236.128,30"
"Norte";"PA";"2022";"FUNDEB - FPE";"R$573.048.026,53"
"Norte";"PA";"2022";"FUNDEB - FPM";"R$335.047.797,48"
"Norte";"PA";"2022";"FUNDEB - ICMS";"R$1.191.197.585,60"
"Norte";"PA";"2022";"FUNDEB - IPI-EXP";"R$38.622.023,74"
"Norte";"PA";"2022";"FUNDEB - IPVA";"R$55.963.159,29"
"Norte";"PA";"2022";"FUNDEB - ITCMD";"R$3.042.783,07"
"Norte";"PA";"2022";"FUNDEB - ITR";"R$1.983.564,02"
"Norte";"PA";"2023";"FUNDEB - COUN VAAF";"R$1.209.891.951,54"
"Norte";"PA";"2023";"FUNDEB - COUN VAAR";"R$28.511.200,21"
"Norte";"PA";"2023";"FUNDEB - FPE";"R$561.409.634,46"
"Norte";"PA";"2023";"FUNDEB - FPM";"R$324.939.205,18"
"Norte";"PA";"2023";"FUNDEB - ICMS";"R$1.180.162.015,08"
"Norte";"PA";"2023";"FUNDEB - IPI-EXP";"R$26.638.779,75"
"Norte";"PA";"2023";"FUNDEB - IPVA";"R$71.086.802,23"
"Norte";"PA";"2023";"FUNDEB - ITCMD";"R$4.935.232,08"
"Norte";"PA";"2023";"FUNDEB - ITR";"R$2.359.120,76"
"Norte";"PA";"2024";"FUNDEB - COUN VAAF";"R$1.006.987.388,12"
"Norte";"PA";"2024";"FUNDEB - COUN VAAR";"R$52.801.854,32"
"Norte";"PA";"2024";"FUNDEB - FPE";"R$602.002.924,31"
"Norte";"PA";"2024";"FUNDEB - FPM";"R$344.012.338,35"
"Norte";"PA";"2024";"FUNDEB - ICMS";"R$1.301.818.154,43"
"Norte";"PA";"2024";"FUNDEB - IPI-EXP";"R$27.928.371,49"
"Norte";"PA";"2024";"FUNDEB - IPVA";"R$72.424.174,45"
"Norte";"PA";"2024";"FUNDEB - ITCMD";"R$3.970.370,54"
"Norte";"PA";"2024";"FUNDEB - ITR";"R$2.610.406,32"
"Norte";"PA";"2025";"FUNDEB - COUN VAAF";"R$1.260.483.884,89"
"Norte";"PA";"2025";"FUNDEB - COUN VAAR";"R$227.427.635,01"
"Norte";"PA";"2025";"FUNDEB - FPE";"R$680.285.737,32"
"Norte";"PA";"2025";"FUNDEB - FPM";"R$410.238.583,23"
"Norte";"PA";"2025";"FUNDEB - FUNDEB - FTI";"R$139.847.980,84"
"Norte";"PA";"2025";"FUNDEB - ICMS";"R$1.368.715.460,74"
"Norte";"PA";"2025";"FUNDEB - IPI-EXP";"R$32.997.890,41"
"Norte";"PA";"2025";"FUNDEB - IPVA";"R$80.936.755,98"
"Norte";"PA";"2025";"FUNDEB - ITCMD";"R$4.216.353,35"
"Norte";"PA";"2025";"FUNDEB - ITR";"R$2.847.005,90"
"Norte";"PA";"2026";"FUNDEB - COUN VAAF";"R$520.442.463,81"
"Norte";"PA";"2026";"FUNDEB - COUN VAAR";"R$101.915.662,77"
"Norte";"PA";"2026";"FUNDEB - COUN VAAT";"R$0,00"
"Norte";"PA";"2026";"FUNDEB - FPE";"R$473.344.936,83"
"Norte";"PA";"2026";"FUNDEB - FPM";"R$281.361.521,26"
"Norte";"PA";"2026";"FUNDEB - FUNDEB - FTI";"R$24.679.055,44"
"Norte";"PA";"2026";"FUNDEB - ICMS";"R$812.623.098,76"
"Norte";"PA";"2026";"FUNDEB - IPI-EXP";"R$22.984.760,90"
"Norte";"PA";"2026";"FUNDEB - IPVA";"R$56.448.479,98"
"Norte";"PA";"2026";"FUNDEB - ITCMD";"R$2.943.184,05"
"Norte";"PA";"2026";"FUNDEB - ITR";"R$559.530,75"
"Norte";"RO";"2016";"FUNDEB - FPE";"R$279.281.852,35"
"Norte";"RO";"2016";"FUNDEB - FPM";"R$88.889.133,32"
"Norte";"RO";"2016";"FUNDEB - ICMS";"R$351.888.516,66"
"Norte";"RO";"2016";"FUNDEB - IPI-EXP";"R$1.714.128,14"
"Norte";"RO";"2016";"FUNDEB - IPVA";"R$18.831.719,44"
"Norte";"RO";"2016";"FUNDEB - ITCMD";"R$434.364,97"
"Norte";"RO";"2016";"FUNDEB - ITR";"R$408.562,57"
"Norte";"RO";"2016";"FUNDEB - LC 87";"R$535.810,60"
"Norte";"RO";"2017";"FUNDEB - COUN";"R$0,00"
"Norte";"RO";"2017";"FUNDEB - FPE";"R$252.241.795,86"
"Norte";"RO";"2017";"FUNDEB - FPM";"R$82.111.055,74"
"Norte";"RO";"2017";"FUNDEB - ICMS";"R$354.942.692,17"
"Norte";"RO";"2017";"FUNDEB - IPI-EXP";"R$2.072.843,88"
"Norte";"RO";"2017";"FUNDEB - IPVA";"R$19.988.000,53"
"Norte";"RO";"2017";"FUNDEB - ITCMD";"R$853.146,90"
"Norte";"RO";"2017";"FUNDEB - ITR";"R$413.397,02"
"Norte";"RO";"2017";"FUNDEB - LC 87";"R$517.186,20"
"Norte";"RO";"2018";"FUNDEB - COUN";"R$0,00"
"Norte";"RO";"2018";"FUNDEB - FPE";"R$267.103.481,50"
"Norte";"RO";"2018";"FUNDEB - FPM";"R$86.595.657,21"
"Norte";"RO";"2018";"FUNDEB - ICMS";"R$382.756.947,36"
"Norte";"RO";"2018";"FUNDEB - IPI-EXP";"R$1.723.627,89"
"Norte";"RO";"2018";"FUNDEB - IPVA";"R$23.987.950,17"
"Norte";"RO";"2018";"FUNDEB - ITCMD";"R$4.150.162,40"
"Norte";"RO";"2018";"FUNDEB - ITR";"R$503.714,33"
"Norte";"RO";"2018";"FUNDEB - LC 87";"R$497.800,24"
"Norte";"RO";"2019";"FUNDEB - COUN";"R$0,00"
"Norte";"RO";"2019";"FUNDEB - FPE";"R$291.559.268,80"
"Norte";"RO";"2019";"FUNDEB - FPM";"R$94.232.175,40"
"Norte";"RO";"2019";"FUNDEB - ICMS";"R$426.282.179,20"
"Norte";"RO";"2019";"FUNDEB - IPI-EXP";"R$2.221.771,94"
"Norte";"RO";"2019";"FUNDEB - IPVA";"R$34.025.850,71"
"Norte";"RO";"2019";"FUNDEB - ITCMD";"R$1.692.138,75"
"Norte";"RO";"2019";"FUNDEB - ITR";"R$536.391,09"
"Norte";"RO";"2019";"FUNDEB - LC 87";"R$0,00"
"Norte";"RO";"2020";"FUNDEB - COUN";"R$0,00"
"Norte";"RO";"2020";"FUNDEB - FPE";"R$280.928.716,02"
"Norte";"RO";"2020";"FUNDEB - FPM";"R$92.349.230,04"
"Norte";"RO";"2020";"FUNDEB - ICMS";"R$463.557.397,34"
"Norte";"RO";"2020";"FUNDEB - IPI-EXP";"R$2.489.217,78"
"Norte";"RO";"2020";"FUNDEB - IPVA";"R$35.776.873,64"
"Norte";"RO";"2020";"FUNDEB - ITCMD";"R$1.751.896,55"
"Norte";"RO";"2020";"FUNDEB - ITR";"R$650.243,84"
"Norte";"RO";"2020";"FUNDEB - LC 87";"R$0,00"
"Norte";"RO";"2021";"FUNDEB - COUN";"R$0,00"
"Norte";"RO";"2021";"FUNDEB - FPE";"R$381.878.756,80"
"Norte";"RO";"2021";"FUNDEB - FPM";"R$124.141.429,58"
"Norte";"RO";"2021";"FUNDEB - ICMS";"R$625.646.491,53"
"Norte";"RO";"2021";"FUNDEB - IPI-EXP";"R$3.650.803,21"
"Norte";"RO";"2021";"FUNDEB - IPVA";"R$40.568.953,60"
"Norte";"RO";"2021";"FUNDEB - ITCMD";"R$3.538.938,52"
"Norte";"RO";"2021";"FUNDEB - ITR";"R$910.061,10"
"Norte";"RO";"2021";"FUNDEB - LC 87";"R$0,00"
"Norte";"RO";"2022";"FUNDEB - FPE";"R$477.313.086,58"
"Norte";"RO";"2022";"FUNDEB - FPM";"R$159.488.107,98"
"Norte";"RO";"2022";"FUNDEB - ICMS";"R$663.503.459,27"
"Norte";"RO";"2022";"FUNDEB - IPI-EXP";"R$2.731.273,42"
"Norte";"RO";"2022";"FUNDEB - IPVA";"R$55.825.486,65"
"Norte";"RO";"2022";"FUNDEB - ITCMD";"R$3.213.833,26"
"Norte";"RO";"2022";"FUNDEB - ITR";"R$1.463.107,98"
"Norte";"RO";"2023";"FUNDEB - COUN VAAR";"R$10.296.878,59"
"Norte";"RO";"2023";"FUNDEB - FPE";"R$513.590.008,64"
"Norte";"RO";"2023";"FUNDEB - FPM";"R$157.912.689,42"
"Norte";"RO";"2023";"FUNDEB - ICMS";"R$682.761.233,88"
"Norte";"RO";"2023";"FUNDEB - IPI-EXP";"R$2.610.240,80"
"Norte";"RO";"2023";"FUNDEB - IPVA";"R$68.529.718,57"
"Norte";"RO";"2023";"FUNDEB - ITCMD";"R$3.384.057,46"
"Norte";"RO";"2023";"FUNDEB - ITR";"R$2.181.258,11"
"Norte";"RO";"2024";"FUNDEB - COUN VAAR";"R$21.803.371,85"
"Norte";"RO";"2024";"FUNDEB - FPE";"R$558.330.810,54"
"Norte";"RO";"2024";"FUNDEB - FPM";"R$185.352.324,95"
"Norte";"RO";"2024";"FUNDEB - ICMS";"R$795.772.703,39"
"Norte";"RO";"2024";"FUNDEB - IPI-EXP";"R$3.555.107,28"
"Norte";"RO";"2024";"FUNDEB - IPVA";"R$65.280.549,32"
"Norte";"RO";"2024";"FUNDEB - ITCMD";"R$3.797.794,85"
"Norte";"RO";"2024";"FUNDEB - ITR";"R$2.870.086,58"
"Norte";"RO";"2025";"FUNDEB - COUN VAAR";"R$4.015.788,60"
"Norte";"RO";"2025";"FUNDEB - FPE";"R$610.580.640,59"
"Norte";"RO";"2025";"FUNDEB - FPM";"R$189.119.609,70"
"Norte";"RO";"2025";"FUNDEB - FUNDEB - FTI";"R$331.024,51"
"Norte";"RO";"2025";"FUNDEB - ICMS";"R$831.963.226,33"
"Norte";"RO";"2025";"FUNDEB - IPI-EXP";"R$4.368.356,07"
"Norte";"RO";"2025";"FUNDEB - IPVA";"R$67.179.408,29"
"Norte";"RO";"2025";"FUNDEB - ITCMD";"R$4.714.136,24"
"Norte";"RO";"2025";"FUNDEB - ITR";"R$3.185.979,79"
"Norte";"RO";"2026";"FUNDEB - COUN VAAF";"R$0,00"
"Norte";"RO";"2026";"FUNDEB - COUN VAAR";"R$0,00"
"Norte";"RO";"2026";"FUNDEB - COUN VAAT";"R$0,00"
"Norte";"RO";"2026";"FUNDEB - FPE";"R$419.837.281,73"
"Norte";"RO";"2026";"FUNDEB - FPM";"R$132.147.438,08"
"Norte";"RO";"2026";"FUNDEB - FUNDEB - FTI";"R$58.416,09"
"Norte";"RO";"2026";"FUNDEB - ICMS";"R$614.020.652,87"
"Norte";"RO";"2026";"FUNDEB - IPI-EXP";"R$3.313.737,43"
"Norte";"RO";"2026";"FUNDEB - IPVA";"R$55.946.398,91"
"Norte";"RO";"2026";"FUNDEB - ITCMD";"R$3.619.582,95"
"Norte";"RO";"2026";"FUNDEB - ITR";"R$634.770,07"
"Norte";"RR";"2016";"FUNDEB - FPE";"R$252.605.844,87"
"Norte";"RR";"2016";"FUNDEB - FPM";"R$52.311.275,31"
"Norte";"RR";"2016";"FUNDEB - ICMS";"R$81.550.666,49"
"Norte";"RR";"2016";"FUNDEB - IPI-EXP";"R$9.039,99"
"Norte";"RR";"2016";"FUNDEB - IPVA";"R$5.371.077,40"
"Norte";"RR";"2016";"FUNDEB - ITCMD";"R$191.956,24"
"Norte";"RR";"2016";"FUNDEB - ITR";"R$74.652,53"
"Norte";"RR";"2016";"FUNDEB - LC 87";"R$85.777,44"
"Norte";"RR";"2017";"FUNDEB - COUN";"R$0,00"
"Norte";"RR";"2017";"FUNDEB - FPE";"R$229.047.810,52"
"Norte";"RR";"2017";"FUNDEB - FPM";"R$48.785.410,42"
"Norte";"RR";"2017";"FUNDEB - ICMS";"R$72.517.580,42"
"Norte";"RR";"2017";"FUNDEB - IPI-EXP";"R$7.706,10"
"Norte";"RR";"2017";"FUNDEB - IPVA";"R$6.125.825,26"
"Norte";"RR";"2017";"FUNDEB - ITCMD";"R$190.258,18"
"Norte";"RR";"2017";"FUNDEB - ITR";"R$77.308,91"
"Norte";"RR";"2017";"FUNDEB - LC 87";"R$82.927,08"
"Norte";"RR";"2018";"FUNDEB - COUN";"R$0,00"
"Norte";"RR";"2018";"FUNDEB - FPE";"R$242.655.014,65"
"Norte";"RR";"2018";"FUNDEB - FPM";"R$51.695.648,54"
"Norte";"RR";"2018";"FUNDEB - ICMS";"R$72.404.820,36"
"Norte";"RR";"2018";"FUNDEB - IPI-EXP";"R$26.921,33"
"Norte";"RR";"2018";"FUNDEB - IPVA";"R$5.422.186,11"
"Norte";"RR";"2018";"FUNDEB - ITCMD";"R$137.359,78"
"Norte";"RR";"2018";"FUNDEB - ITR";"R$70.310,05"
"Norte";"RR";"2018";"FUNDEB - LC 87";"R$80.057,88"
"Norte";"RR";"2019";"FUNDEB - COUN";"R$0,00"
"Norte";"RR";"2019";"FUNDEB - FPE";"R$267.335.238,59"
"Norte";"RR";"2019";"FUNDEB - FPM";"R$55.357.964,08"
"Norte";"RR";"2019";"FUNDEB - ICMS";"R$122.608.241,19"
"Norte";"RR";"2019";"FUNDEB - IPI-EXP";"R$27.079,50"
"Norte";"RR";"2019";"FUNDEB - IPVA";"R$6.934.301,63"
"Norte";"RR";"2019";"FUNDEB - ITCMD";"R$266.268,20"
"Norte";"RR";"2019";"FUNDEB - ITR";"R$73.576,66"
"Norte";"RR";"2019";"FUNDEB - LC 87";"R$0,00"
"Norte";"RR";"2020";"FUNDEB - COUN";"R$0,00"
"Norte";"RR";"2020";"FUNDEB - FPE";"R$242.825.003,51"
"Norte";"RR";"2020";"FUNDEB - FPM";"R$51.673.158,92"
"Norte";"RR";"2020";"FUNDEB - ICMS";"R$130.369.177,09"
"Norte";"RR";"2020";"FUNDEB - IPI-EXP";"R$110.231,83"
"Norte";"RR";"2020";"FUNDEB - IPVA";"R$7.107.613,79"
"Norte";"RR";"2020";"FUNDEB - ITCMD";"R$408.337,08"
"Norte";"RR";"2020";"FUNDEB - ITR";"R$97.127,73"
"Norte";"RR";"2020";"FUNDEB - LC 87";"R$0,00"
"Norte";"RR";"2021";"FUNDEB - COUN";"R$0,00"
"Norte";"RR";"2021";"FUNDEB - FPE";"R$352.597.717,41"
"Norte";"RR";"2021";"FUNDEB - FPM";"R$69.290.198,52"
"Norte";"RR";"2021";"FUNDEB - ICMS";"R$164.966.063,60"
"Norte";"RR";"2021";"FUNDEB - IPI-EXP";"R$588.422,61"
"Norte";"RR";"2021";"FUNDEB - IPVA";"R$8.213.517,00"
"Norte";"RR";"2021";"FUNDEB - ITCMD";"R$871.726,75"
"Norte";"RR";"2021";"FUNDEB - ITR";"R$117.848,27"
"Norte";"RR";"2021";"FUNDEB - LC 87";"R$0,00"
"Norte";"RR";"2022";"FUNDEB - AFE";"R$60.608,40"
"Norte";"RR";"2022";"FUNDEB - FPE";"R$465.502.013,59"
"Norte";"RR";"2022";"FUNDEB - FPM";"R$86.505.055,11"
"Norte";"RR";"2022";"FUNDEB - ICMS";"R$167.036.713,61"
"Norte";"RR";"2022";"FUNDEB - IPI-EXP";"R$681.424,46"
"Norte";"RR";"2022";"FUNDEB - IPVA";"R$10.306.364,44"
"Norte";"RR";"2022";"FUNDEB - ITCMD";"R$804.747,68"
"Norte";"RR";"2022";"FUNDEB - ITR";"R$159.205,48"
"Norte";"RR";"2023";"FUNDEB - FPE";"R$463.058.359,46"
"Norte";"RR";"2023";"FUNDEB - FPM";"R$88.573.458,86"
"Norte";"RR";"2023";"FUNDEB - ICMS";"R$182.810.397,54"
"Norte";"RR";"2023";"FUNDEB - IPI-EXP";"R$808.295,48"
"Norte";"RR";"2023";"FUNDEB - IPVA";"R$12.293.107,88"
"Norte";"RR";"2023";"FUNDEB - ITCMD";"R$866.726,66"
"Norte";"RR";"2023";"FUNDEB - ITR";"R$162.285,55"
"Norte";"RR";"2024";"FUNDEB - FPE";"R$533.248.087,14"
"Norte";"RR";"2024";"FUNDEB - FPM";"R$99.061.800,62"
"Norte";"RR";"2024";"FUNDEB - ICMS";"R$199.352.552,13"
"Norte";"RR";"2024";"FUNDEB - IPI-EXP";"R$967.116,48"
"Norte";"RR";"2024";"FUNDEB - IPVA";"R$12.612.602,72"
"Norte";"RR";"2024";"FUNDEB - ITCMD";"R$772.941,84"
"Norte";"RR";"2024";"FUNDEB - ITR";"R$183.420,95"
"Norte";"RR";"2025";"FUNDEB - FPE";"R$575.334.936,12"
"Norte";"RR";"2025";"FUNDEB - FPM";"R$103.976.971,85"
"Norte";"RR";"2025";"FUNDEB - FUNDEB - FTI";"R$251.290,78"
"Norte";"RR";"2025";"FUNDEB - ICMS";"R$205.590.740,57"
"Norte";"RR";"2025";"FUNDEB - IPI-EXP";"R$750.132,78"
"Norte";"RR";"2025";"FUNDEB - IPVA";"R$13.274.562,74"
"Norte";"RR";"2025";"FUNDEB - ITCMD";"R$691.455,30"
"Norte";"RR";"2025";"FUNDEB - ITR";"R$185.622,56"
"Norte";"RR";"2026";"FUNDEB - COUN VAAF";"R$0,00"
"Norte";"RR";"2026";"FUNDEB - COUN VAAR";"R$0,00"
"Norte";"RR";"2026";"FUNDEB - COUN VAAT";"R$0,00"
"Norte";"RR";"2026";"FUNDEB - FPE";"R$419.394.071,95"
"Norte";"RR";"2026";"FUNDEB - FPM";"R$75.005.514,57"
"Norte";"RR";"2026";"FUNDEB - FUNDEB - FTI";"R$44.345,43"
"Norte";"RR";"2026";"FUNDEB - ICMS";"R$132.996.491,61"
"Norte";"RR";"2026";"FUNDEB - IPI-EXP";"R$455.633,88"
"Norte";"RR";"2026";"FUNDEB - IPVA";"R$9.248.736,11"
"Norte";"RR";"2026";"FUNDEB - ITCMD";"R$390.748,63"
"Norte";"RR";"2026";"FUNDEB - ITR";"R$29.314,77"
"Norte";"TO";"2016";"FUNDEB - FPE";"R$366.305.817,05"
"Norte";"TO";"2016";"FUNDEB - FPM";"R$128.220.443,64"
"Norte";"TO";"2016";"FUNDEB - ICMS";"R$242.570.907,42"
"Norte";"TO";"2016";"FUNDEB - IPI-EXP";"R$442.986,95"
"Norte";"TO";"2016";"FUNDEB - IPVA";"R$20.894.356,08"
"Norte";"TO";"2016";"FUNDEB - ITCMD";"R$2.013.997,50"
"Norte";"TO";"2016";"FUNDEB - ITR";"R$1.323.089,20"
"Norte";"TO";"2016";"FUNDEB - LC 87";"R$151.505,40"
"Norte";"TO";"2017";"FUNDEB - COUN";"R$0,00"
"Norte";"TO";"2017";"FUNDEB - FPE";"R$345.129.448,80"
"Norte";"TO";"2017";"FUNDEB - FPM";"R$119.602.273,12"
"Norte";"TO";"2017";"FUNDEB - ICMS";"R$230.317.816,64"
"Norte";"TO";"2017";"FUNDEB - IPI-EXP";"R$572.638,88"
"Norte";"TO";"2017";"FUNDEB - IPVA";"R$22.479.014,33"
"Norte";"TO";"2017";"FUNDEB - ITCMD";"R$2.212.554,71"
"Norte";"TO";"2017";"FUNDEB - ITR";"R$1.607.558,42"
"Norte";"TO";"2017";"FUNDEB - LC 87";"R$147.818,04"
"Norte";"TO";"2018";"FUNDEB - COUN";"R$0,00"
"Norte";"TO";"2018";"FUNDEB - FPE";"R$352.229.240,22"
"Norte";"TO";"2018";"FUNDEB - FPM";"R$122.621.550,79"
"Norte";"TO";"2018";"FUNDEB - ICMS";"R$257.080.370,34"
"Norte";"TO";"2018";"FUNDEB - IPI-EXP";"R$480.402,47"
"Norte";"TO";"2018";"FUNDEB - IPVA";"R$22.260.877,68"
"Norte";"TO";"2018";"FUNDEB - ITCMD";"R$1.862.881,04"
"Norte";"TO";"2018";"FUNDEB - ITR";"R$1.733.784,81"
"Norte";"TO";"2018";"FUNDEB - LC 87";"R$138.350,64"
"Norte";"TO";"2019";"FUNDEB - COUN";"R$0,00"
"Norte";"TO";"2019";"FUNDEB - FPE";"R$376.042.835,57"
"Norte";"TO";"2019";"FUNDEB - FPM";"R$128.244.658,05"
"Norte";"TO";"2019";"FUNDEB - ICMS";"R$271.314.090,57"
"Norte";"TO";"2019";"FUNDEB - IPI-EXP";"R$443.696,27"
"Norte";"TO";"2019";"FUNDEB - IPVA";"R$24.501.066,61"
"Norte";"TO";"2019";"FUNDEB - ITCMD";"R$2.212.942,70"
"Norte";"TO";"2019";"FUNDEB - ITR";"R$1.977.680,75"
"Norte";"TO";"2019";"FUNDEB - LC 87";"R$0,00"
"Norte";"TO";"2020";"FUNDEB - COUN";"R$0,00"
"Norte";"TO";"2020";"FUNDEB - FPE";"R$350.943.853,00"
"Norte";"TO";"2020";"FUNDEB - FPM";"R$119.626.966,18"
"Norte";"TO";"2020";"FUNDEB - ICMS";"R$311.735.428,93"
"Norte";"TO";"2020";"FUNDEB - IPI-EXP";"R$438.681,02"
"Norte";"TO";"2020";"FUNDEB - IPVA";"R$27.647.458,02"
"Norte";"TO";"2020";"FUNDEB - ITCMD";"R$3.226.346,67"
"Norte";"TO";"2020";"FUNDEB - ITR";"R$2.371.560,97"
"Norte";"TO";"2020";"FUNDEB - LC 87";"R$0,00"
"Norte";"TO";"2021";"FUNDEB - COUN";"R$0,00"
"Norte";"TO";"2021";"FUNDEB - FPE";"R$471.021.645,27"
"Norte";"TO";"2021";"FUNDEB - FPM";"R$163.815.860,24"
"Norte";"TO";"2021";"FUNDEB - ICMS";"R$372.283.981,24"
"Norte";"TO";"2021";"FUNDEB - IPI-EXP";"R$1.010.401,78"
"Norte";"TO";"2021";"FUNDEB - IPVA";"R$31.045.278,15"
"Norte";"TO";"2021";"FUNDEB - ITCMD";"R$5.089.137,74"
"Norte";"TO";"2021";"FUNDEB - ITR";"R$3.219.262,24"
"Norte";"TO";"2021";"FUNDEB - LC 87";"R$0,00"
"Norte";"TO";"2022";"FUNDEB - AFE";"R$628.438,00"
"Norte";"TO";"2022";"FUNDEB - FPE";"R$560.918.754,57"
"Norte";"TO";"2022";"FUNDEB - FPM";"R$201.278.335,48"
"Norte";"TO";"2022";"FUNDEB - ICMS";"R$400.365.855,33"
"Norte";"TO";"2022";"FUNDEB - IPI-EXP";"R$951.320,10"
"Norte";"TO";"2022";"FUNDEB - IPVA";"R$36.633.604,96"
"Norte";"TO";"2022";"FUNDEB - ITCMD";"R$5.921.304,35"
"Norte";"TO";"2022";"FUNDEB - ITR";"R$4.013.599,86"
"Norte";"TO";"2023";"FUNDEB - COUN VAAR";"R$8.126.613,91"
"Norte";"TO";"2023";"FUNDEB - FPE";"R$562.883.458,36"
"Norte";"TO";"2023";"FUNDEB - FPM";"R$201.933.026,00"
"Norte";"TO";"2023";"FUNDEB - ICMS";"R$439.572.901,01"
"Norte";"TO";"2023";"FUNDEB - IPI-EXP";"R$1.008.303,97"
"Norte";"TO";"2023";"FUNDEB - IPVA";"R$44.122.072,98"
"Norte";"TO";"2023";"FUNDEB - ITCMD";"R$7.708.477,00"
"Norte";"TO";"2023";"FUNDEB - ITR";"R$4.965.611,58"
"Norte";"TO";"2024";"FUNDEB - COUN VAAR";"R$11.469.959,56"
"Norte";"TO";"2024";"FUNDEB - FPE";"R$591.209.459,92"
"Norte";"TO";"2024";"FUNDEB - FPM";"R$224.044.251,74"
"Norte";"TO";"2024";"FUNDEB - ICMS";"R$491.282.060,27"
"Norte";"TO";"2024";"FUNDEB - IPI-EXP";"R$1.617.275,02"
"Norte";"TO";"2024";"FUNDEB - IPVA";"R$45.968.576,27"
"Norte";"TO";"2024";"FUNDEB - ITCMD";"R$7.705.394,53"
"Norte";"TO";"2024";"FUNDEB - ITR";"R$5.417.363,76"
"Norte";"TO";"2025";"FUNDEB - COUN VAAR";"R$5.462.907,45"
"Norte";"TO";"2025";"FUNDEB - FPE";"R$637.358.880,28"
"Norte";"TO";"2025";"FUNDEB - FPM";"R$236.823.896,92"
"Norte";"TO";"2025";"FUNDEB - FUNDEB - FTI";"R$8.059.727,20"
"Norte";"TO";"2025";"FUNDEB - ICMS";"R$531.423.152,17"
"Norte";"TO";"2025";"FUNDEB - IPI-EXP";"R$1.724.911,78"
"Norte";"TO";"2025";"FUNDEB - IPVA";"R$50.270.745,40"
"Norte";"TO";"2025";"FUNDEB - ITCMD";"R$8.876.259,25"
"Norte";"TO";"2025";"FUNDEB - ITR";"R$6.363.259,76"
"Norte";"TO";"2026";"FUNDEB - COUN VAAF";"R$0,00"
"Norte";"TO";"2026";"FUNDEB - COUN VAAR";"R$0,00"
"Norte";"TO";"2026";"FUNDEB - COUN VAAT";"R$0,00"
"Norte";"TO";"2026";"FUNDEB - FPE";"R$440.760.305,33"
"Norte";"TO";"2026";"FUNDEB - FPM";"R$163.786.307,03"
"Norte";"TO";"2026";"FUNDEB - FUNDEB - FTI";"R$1.422.304,80"
"Norte";"TO";"2026";"FUNDEB - ICMS";"R$332.548.011,78"
"Norte";"TO";"2026";"FUNDEB - IPI-EXP";"R$1.788.642,09"
"Norte";"TO";"2026";"FUNDEB - IPVA";"R$22.447.346,29"
"Norte";"TO";"2026";"FUNDEB - ITCMD";"R$5.302.350,05"
"Norte";"TO";"2026";"FUNDEB - ITR";"R$1.364.758,93"
"Sudeste";"ES";"2016";"FUNDEB - FPE";"R$95.043.031,41"
"Sudeste";"ES";"2016";"FUNDEB - FPM";"R$111.569.725,60"
"Sudeste";"ES";"2016";"FUNDEB - ICMS";"R$612.418.709,19"
"Sudeste";"ES";"2016";"FUNDEB - IPI-EXP";"R$18.621.866,50"
"Sudeste";"ES";"2016";"FUNDEB - IPVA";"R$34.465.326,84"
"Sudeste";"ES";"2016";"FUNDEB - ITCMD";"R$4.739.537,19"
"Sudeste";"ES";"2016";"FUNDEB - ITR";"R$289.703,52"
"Sudeste";"ES";"2016";"FUNDEB - LC 87";"R$5.770.260,60"
"Sudeste";"ES";"2017";"FUNDEB - COUN";"R$0,00"
"Sudeste";"ES";"2017";"FUNDEB - FPE";"R$87.852.024,70"
"Sudeste";"ES";"2017";"FUNDEB - FPM";"R$105.164.640,12"
"Sudeste";"ES";"2017";"FUNDEB - ICMS";"R$633.655.357,94"
"Sudeste";"ES";"2017";"FUNDEB - IPI-EXP";"R$15.531.288,94"
"Sudeste";"ES";"2017";"FUNDEB - IPVA";"R$34.759.464,02"
"Sudeste";"ES";"2017";"FUNDEB - ITCMD";"R$4.649.817,92"
"Sudeste";"ES";"2017";"FUNDEB - ITR";"R$381.583,54"
"Sudeste";"ES";"2017";"FUNDEB - LC 87";"R$5.696.667,60"
"Sudeste";"ES";"2018";"FUNDEB - COUN";"R$0,00"
"Sudeste";"ES";"2018";"FUNDEB - FPE";"R$94.807.581,75"
"Sudeste";"ES";"2018";"FUNDEB - FPM";"R$113.107.116,30"
"Sudeste";"ES";"2018";"FUNDEB - ICMS";"R$690.089.198,18"
"Sudeste";"ES";"2018";"FUNDEB - IPI-EXP";"R$15.261.928,55"
"Sudeste";"ES";"2018";"FUNDEB - IPVA";"R$37.076.964,86"
"Sudeste";"ES";"2018";"FUNDEB - ITCMD";"R$4.977.522,53"
"Sudeste";"ES";"2018";"FUNDEB - ITR";"R$399.622,30"
"Sudeste";"ES";"2018";"FUNDEB - LC 87";"R$5.511.727,80"
"Sudeste";"ES";"2019";"FUNDEB - COUN";"R$0,00"
"Sudeste";"ES";"2019";"FUNDEB - FPE";"R$101.211.438,45"
"Sudeste";"ES";"2019";"FUNDEB - FPM";"R$122.489.818,80"
"Sudeste";"ES";"2019";"FUNDEB - ICMS";"R$749.975.982,80"
"Sudeste";"ES";"2019";"FUNDEB - IPI-EXP";"R$13.569.406,68"
"Sudeste";"ES";"2019";"FUNDEB - IPVA";"R$40.300.128,12"
"Sudeste";"ES";"2019";"FUNDEB - ITCMD";"R$5.385.795,20"
"Sudeste";"ES";"2019";"FUNDEB - ITR";"R$333.893,28"
"Sudeste";"ES";"2019";"FUNDEB - LC 87";"R$0,00"
"Sudeste";"ES";"2020";"FUNDEB - COUN";"R$0,00"
"Sudeste";"ES";"2020";"FUNDEB - FPE";"R$93.893.263,88"
"Sudeste";"ES";"2020";"FUNDEB - FPM";"R$114.945.482,34"
"Sudeste";"ES";"2020";"FUNDEB - ICMS";"R$763.315.832,77"
"Sudeste";"ES";"2020";"FUNDEB - IPI-EXP";"R$13.892.105,67"
"Sudeste";"ES";"2020";"FUNDEB - IPVA";"R$41.579.559,56"
"Sudeste";"ES";"2020";"FUNDEB - ITCMD";"R$4.898.060,43"
"Sudeste";"ES";"2020";"FUNDEB - ITR";"R$308.560,81"
"Sudeste";"ES";"2020";"FUNDEB - LC 87";"R$0,00"
"Sudeste";"ES";"2021";"FUNDEB - COUN";"R$0,00"
"Sudeste";"ES";"2021";"FUNDEB - FPE";"R$130.730.662,32"
"Sudeste";"ES";"2021";"FUNDEB - FPM";"R$154.804.711,52"
"Sudeste";"ES";"2021";"FUNDEB - ICMS";"R$1.016.235.375,55"
"Sudeste";"ES";"2021";"FUNDEB - IPI-EXP";"R$20.367.577,59"
"Sudeste";"ES";"2021";"FUNDEB - IPVA";"R$43.970.982,42"
"Sudeste";"ES";"2021";"FUNDEB - ITCMD";"R$7.398.944,17"
"Sudeste";"ES";"2021";"FUNDEB - ITR";"R$452.437,69"
"Sudeste";"ES";"2021";"FUNDEB - LC 87";"R$0,00"
"Sudeste";"ES";"2022";"FUNDEB - AFE";"R$857.612,55"
"Sudeste";"ES";"2022";"FUNDEB - FPE";"R$184.432.024,04"
"Sudeste";"ES";"2022";"FUNDEB - FPM";"R$202.047.007,25"
"Sudeste";"ES";"2022";"FUNDEB - ICMS";"R$1.158.477.817,47"
"Sudeste";"ES";"2022";"FUNDEB - IPI-EXP";"R$11.461.563,26"
"Sudeste";"ES";"2022";"FUNDEB - IPVA";"R$64.454.092,50"
"Sudeste";"ES";"2022";"FUNDEB - ITCMD";"R$9.457.229,49"
"Sudeste";"ES";"2022";"FUNDEB - ITR";"R$613.753,31"
"Sudeste";"ES";"2023";"FUNDEB - COUN VAAR";"R$12.673.308,25"
"Sudeste";"ES";"2023";"FUNDEB - FPE";"R$189.435.525,37"
"Sudeste";"ES";"2023";"FUNDEB - FPM";"R$201.446.347,83"
"Sudeste";"ES";"2023";"FUNDEB - ICMS";"R$1.218.417.756,47"
"Sudeste";"ES";"2023";"FUNDEB - IPI-EXP";"R$13.180.357,83"
"Sudeste";"ES";"2023";"FUNDEB - IPVA";"R$73.085.960,95"
"Sudeste";"ES";"2023";"FUNDEB - ITCMD";"R$10.799.700,50"
"Sudeste";"ES";"2023";"FUNDEB - ITR";"R$607.739,95"
"Sudeste";"ES";"2024";"FUNDEB - COUN VAAR";"R$23.930.087,98"
"Sudeste";"ES";"2024";"FUNDEB - FPE";"R$196.337.774,41"
"Sudeste";"ES";"2024";"FUNDEB - FPM";"R$226.998.617,56"
"Sudeste";"ES";"2024";"FUNDEB - ICMS";"R$1.374.466.488,06"
"Sudeste";"ES";"2024";"FUNDEB - IPI-EXP";"R$16.918.881,82"
"Sudeste";"ES";"2024";"FUNDEB - IPVA";"R$78.280.898,16"
"Sudeste";"ES";"2024";"FUNDEB - ITCMD";"R$14.306.516,38"
"Sudeste";"ES";"2024";"FUNDEB - ITR";"R$656.427,26"
"Sudeste";"ES";"2025";"FUNDEB - COUN VAAR";"R$3.969.442,02"
"Sudeste";"ES";"2025";"FUNDEB - FPE";"R$227.518.880,33"
"Sudeste";"ES";"2025";"FUNDEB - FPM";"R$249.412.485,23"
"Sudeste";"ES";"2025";"FUNDEB - FUNDEB - FTI";"R$20.687.695,34"
"Sudeste";"ES";"2025";"FUNDEB - ICMS";"R$1.496.307.177,67"
"Sudeste";"ES";"2025";"FUNDEB - IPI-EXP";"R$18.088.885,55"
"Sudeste";"ES";"2025";"FUNDEB - IPVA";"R$88.937.438,82"
"Sudeste";"ES";"2025";"FUNDEB - ITCMD";"R$15.608.525,71"
"Sudeste";"ES";"2025";"FUNDEB - ITR";"R$737.734,34"
"Sudeste";"ES";"2026";"FUNDEB - COUN VAAF";"R$0,00"
"Sudeste";"ES";"2026";"FUNDEB - COUN VAAR";"R$0,00"
"Sudeste";"ES";"2026";"FUNDEB - COUN VAAT";"R$0,00"
"Sudeste";"ES";"2026";"FUNDEB - FPE";"R$154.368.623,60"
"Sudeste";"ES";"2026";"FUNDEB - FPM";"R$169.344.964,63"
"Sudeste";"ES";"2026";"FUNDEB - FUNDEB - FTI";"R$3.650.769,76"
"Sudeste";"ES";"2026";"FUNDEB - ICMS";"R$968.172.201,11"
"Sudeste";"ES";"2026";"FUNDEB - IPI-EXP";"R$11.792.827,97"
"Sudeste";"ES";"2026";"FUNDEB - IPVA";"R$77.321.266,80"
"Sudeste";"ES";"2026";"FUNDEB - ITCMD";"R$12.214.078,53"
"Sudeste";"ES";"2026";"FUNDEB - ITR";"R$56.084,94"
"Sudeste";"MG";"2016";"FUNDEB - FPE";"R$414.640.907,67"
"Sudeste";"MG";"2016";"FUNDEB - FPM";"R$1.275.729.378,55"
"Sudeste";"MG";"2016";"FUNDEB - ICMS";"R$4.394.130.236,10"
"Sudeste";"MG";"2016";"FUNDEB - IPI-EXP";"R$54.355.892,64"
"Sudeste";"MG";"2016";"FUNDEB - IPVA";"R$505.783.212,26"
"Sudeste";"MG";"2016";"FUNDEB - ITCMD";"R$84.094.517,00"
"Sudeste";"MG";"2016";"FUNDEB - ITR";"R$11.005.916,40"
"Sudeste";"MG";"2016";"FUNDEB - LC 87";"R$26.741.434,08"
"Sudeste";"MG";"2017";"FUNDEB - COUN";"R$0,00"
"Sudeste";"MG";"2017";"FUNDEB - FPE";"R$399.635.424,62"
"Sudeste";"MG";"2017";"FUNDEB - FPM";"R$1.234.068.378,07"
"Sudeste";"MG";"2017";"FUNDEB - ICMS";"R$4.637.836.615,40"
"Sudeste";"MG";"2017";"FUNDEB - IPI-EXP";"R$61.675.639,11"
"Sudeste";"MG";"2017";"FUNDEB - IPVA";"R$532.836.685,97"
"Sudeste";"MG";"2017";"FUNDEB - ITCMD";"R$93.674.283,71"
"Sudeste";"MG";"2017";"FUNDEB - ITR";"R$13.111.070,17"
"Sudeste";"MG";"2017";"FUNDEB - LC 87";"R$27.113.296,32"
"Sudeste";"MG";"2018";"FUNDEB - COUN";"R$0,00"
"Sudeste";"MG";"2018";"FUNDEB - FPE";"R$427.968.780,16"
"Sudeste";"MG";"2018";"FUNDEB - FPM";"R$1.308.539.405,78"
"Sudeste";"MG";"2018";"FUNDEB - ICMS";"R$2.917.026.969,91"
"Sudeste";"MG";"2018";"FUNDEB - IPI-EXP";"R$73.656.951,11"
"Sudeste";"MG";"2018";"FUNDEB - IPVA";"R$424.463.712,91"
"Sudeste";"MG";"2018";"FUNDEB - ITCMD";"R$42.644.768,06"
"Sudeste";"MG";"2018";"FUNDEB - ITR";"R$13.412.443,19"
"Sudeste";"MG";"2018";"FUNDEB - LC 87";"R$26.258.042,80"
"Sudeste";"MG";"2019";"FUNDEB - COUN";"R$0,00"
"Sudeste";"MG";"2019";"FUNDEB - FPE";"R$457.286.417,25"
"Sudeste";"MG";"2019";"FUNDEB - FPM";"R$1.396.016.154,53"
"Sudeste";"MG";"2019";"FUNDEB - ICMS";"R$5.391.369.278,88"
"Sudeste";"MG";"2019";"FUNDEB - IPI-EXP";"R$62.856.728,06"
"Sudeste";"MG";"2019";"FUNDEB - IPVA";"R$576.873.187,10"
"Sudeste";"MG";"2019";"FUNDEB - ITCMD";"R$102.674.097,94"
"Sudeste";"MG";"2019";"FUNDEB - ITR";"R$13.053.414,28"
"Sudeste";"MG";"2019";"FUNDEB - LC 87";"R$0,00"
"Sudeste";"MG";"2020";"FUNDEB - COUN";"R$0,00"
"Sudeste";"MG";"2020";"FUNDEB - FPE";"R$421.528.306,32"
"Sudeste";"MG";"2020";"FUNDEB - FPM";"R$1.288.779.765,04"
"Sudeste";"MG";"2020";"FUNDEB - ICMS";"R$5.952.762.877,13"
"Sudeste";"MG";"2020";"FUNDEB - IPI-EXP";"R$57.274.922,92"
"Sudeste";"MG";"2020";"FUNDEB - IPVA";"R$728.486.376,58"
"Sudeste";"MG";"2020";"FUNDEB - ITCMD";"R$114.432.695,06"
"Sudeste";"MG";"2020";"FUNDEB - ITR";"R$14.066.649,99"
"Sudeste";"MG";"2020";"FUNDEB - LC 87";"R$0,00"
"Sudeste";"MG";"2021";"FUNDEB - COUN";"R$0,00"
"Sudeste";"MG";"2021";"FUNDEB - FPE";"R$580.528.694,20"
"Sudeste";"MG";"2021";"FUNDEB - FPM";"R$1.739.618.088,21"
"Sudeste";"MG";"2021";"FUNDEB - ICMS";"R$7.827.255.916,46"
"Sudeste";"MG";"2021";"FUNDEB - IPI-EXP";"R$77.778.871,70"
"Sudeste";"MG";"2021";"FUNDEB - IPVA";"R$738.118.340,85"
"Sudeste";"MG";"2021";"FUNDEB - ITCMD";"R$177.499.548,28"
"Sudeste";"MG";"2021";"FUNDEB - ITR";"R$17.188.707,04"
"Sudeste";"MG";"2021";"FUNDEB - LC 87";"R$0,00"
"Sudeste";"MG";"2022";"FUNDEB - AFE";"R$51.822.358,25"
"Sudeste";"MG";"2022";"FUNDEB - FPE";"R$708.880.383,00"
"Sudeste";"MG";"2022";"FUNDEB - FPM";"R$2.103.002.600,43"
"Sudeste";"MG";"2022";"FUNDEB - ICMS";"R$7.697.852.174,92"
"Sudeste";"MG";"2022";"FUNDEB - IPI-EXP";"R$78.690.602,67"
"Sudeste";"MG";"2022";"FUNDEB - IPVA";"R$805.004.228,39"
"Sudeste";"MG";"2022";"FUNDEB - ITCMD";"R$166.033.097,74"
"Sudeste";"MG";"2022";"FUNDEB - ITR";"R$19.544.987,42"
"Sudeste";"MG";"2023";"FUNDEB - FPE";"R$707.640.488,54"
"Sudeste";"MG";"2023";"FUNDEB - FPM";"R$2.124.835.044,04"
"Sudeste";"MG";"2023";"FUNDEB - ICMS";"R$7.133.652.673,16"
"Sudeste";"MG";"2023";"FUNDEB - IPI-EXP";"R$67.068.268,51"
"Sudeste";"MG";"2023";"FUNDEB - IPVA";"R$1.065.589.542,69"
"Sudeste";"MG";"2023";"FUNDEB - ITCMD";"R$179.549.352,49"
"Sudeste";"MG";"2023";"FUNDEB - ITR";"R$23.536.213,73"
"Sudeste";"MG";"2024";"FUNDEB - COUN VAAR";"R$48.132.951,96"
"Sudeste";"MG";"2024";"FUNDEB - FPE";"R$814.321.754,36"
"Sudeste";"MG";"2024";"FUNDEB - FPM";"R$2.345.400.004,67"
"Sudeste";"MG";"2024";"FUNDEB - ICMS";"R$7.572.280.191,58"
"Sudeste";"MG";"2024";"FUNDEB - IPI-EXP";"R$94.302.249,71"
"Sudeste";"MG";"2024";"FUNDEB - IPVA";"R$1.097.244.362,67"
"Sudeste";"MG";"2024";"FUNDEB - ITCMD";"R$198.528.553,40"
"Sudeste";"MG";"2024";"FUNDEB - ITR";"R$26.398.432,98"
"Sudeste";"MG";"2025";"FUNDEB - COUN VAAR";"R$25.930.928,19"
"Sudeste";"MG";"2025";"FUNDEB - FPE";"R$802.260.168,96"
"Sudeste";"MG";"2025";"FUNDEB - FPM";"R$2.471.527.826,10"
"Sudeste";"MG";"2025";"FUNDEB - FUNDEB - FTI";"R$4.547.629,11"
"Sudeste";"MG";"2025";"FUNDEB - ICMS";"R$7.847.628.887,77"
"Sudeste";"MG";"2025";"FUNDEB - IPI-EXP";"R$99.750.829,19"
"Sudeste";"MG";"2025";"FUNDEB - IPVA";"R$1.138.111.890,06"
"Sudeste";"MG";"2025";"FUNDEB - ITCMD";"R$197.167.612,81"
"Sudeste";"MG";"2025";"FUNDEB - ITR";"R$28.343.618,36"
"Sudeste";"MG";"2026";"FUNDEB - COUN VAAF";"R$0,00"
"Sudeste";"MG";"2026";"FUNDEB - COUN VAAR";"R$0,00"
"Sudeste";"MG";"2026";"FUNDEB - COUN VAAT";"R$0,00"
"Sudeste";"MG";"2026";"FUNDEB - FPE";"R$585.057.817,74"
"Sudeste";"MG";"2026";"FUNDEB - FPM";"R$1.726.485.758,69"
"Sudeste";"MG";"2026";"FUNDEB - FUNDEB - FTI";"R$802.522,78"
"Sudeste";"MG";"2026";"FUNDEB - ICMS";"R$5.018.401.017,09"
"Sudeste";"MG";"2026";"FUNDEB - IPI-EXP";"R$67.311.578,77"
"Sudeste";"MG";"2026";"FUNDEB - IPVA";"R$1.060.351.017,84"
"Sudeste";"MG";"2026";"FUNDEB - ITCMD";"R$111.385.659,38"
"Sudeste";"MG";"2026";"FUNDEB - ITR";"R$3.748.974,22"
"Sudeste";"RJ";"2016";"FUNDEB - FPE";"R$91.904.609,58"
"Sudeste";"RJ";"2016";"FUNDEB - FPM";"R$166.191.331,74"
"Sudeste";"RJ";"2016";"FUNDEB - ICMS";"R$1.942.951.707,36"
"Sudeste";"RJ";"2016";"FUNDEB - IPI-EXP";"R$47.552.083,48"
"Sudeste";"RJ";"2016";"FUNDEB - IPVA";"R$189.577.842,53"
"Sudeste";"RJ";"2016";"FUNDEB - ITCMD";"R$82.671.005,53"
"Sudeste";"RJ";"2016";"FUNDEB - ITR";"R$527.188,14"
"Sudeste";"RJ";"2016";"FUNDEB - LC 87";"R$7.070.220,12"
"Sudeste";"RJ";"2017";"FUNDEB - COUN";"R$0,00"
"Sudeste";"RJ";"2017";"FUNDEB - FPE";"R$82.276.808,14"
"Sudeste";"RJ";"2017";"FUNDEB - FPM";"R$159.468.418,16"
"Sudeste";"RJ";"2017";"FUNDEB - ICMS";"R$2.032.419.549,52"
"Sudeste";"RJ";"2017";"FUNDEB - IPI-EXP";"R$43.879.207,20"
"Sudeste";"RJ";"2017";"FUNDEB - IPVA";"R$194.764.617,98"
"Sudeste";"RJ";"2017";"FUNDEB - ITCMD";"R$78.515.387,76"
"Sudeste";"RJ";"2017";"FUNDEB - ITR";"R$543.670,62"
"Sudeste";"RJ";"2017";"FUNDEB - LC 87";"R$7.103.200,62"
"Sudeste";"RJ";"2018";"FUNDEB - COUN";"R$0,00"
"Sudeste";"RJ";"2018";"FUNDEB - FPE";"R$83.433.725,49"
"Sudeste";"RJ";"2018";"FUNDEB - FPM";"R$159.303.455,03"
"Sudeste";"RJ";"2018";"FUNDEB - ICMS";"R$2.180.460.823,29"
"Sudeste";"RJ";"2018";"FUNDEB - IPI-EXP";"R$57.677.503,85"
"Sudeste";"RJ";"2018";"FUNDEB - IPVA";"R$178.094.678,04"
"Sudeste";"RJ";"2018";"FUNDEB - ITCMD";"R$66.815.179,05"
"Sudeste";"RJ";"2018";"FUNDEB - ITR";"R$418.651,78"
"Sudeste";"RJ";"2018";"FUNDEB - LC 87";"R$6.480.345,15"
"Sudeste";"RJ";"2019";"FUNDEB - COUN";"R$0,00"
"Sudeste";"RJ";"2019";"FUNDEB - FPE";"R$94.231.487,12"
"Sudeste";"RJ";"2019";"FUNDEB - FPM";"R$179.030.163,79"
"Sudeste";"RJ";"2019";"FUNDEB - ICMS";"R$2.158.449.870,81"
"Sudeste";"RJ";"2019";"FUNDEB - IPI-EXP";"R$54.342.053,69"
"Sudeste";"RJ";"2019";"FUNDEB - IPVA";"R$180.612.834,49"
"Sudeste";"RJ";"2019";"FUNDEB - ITCMD";"R$60.475.920,17"
"Sudeste";"RJ";"2019";"FUNDEB - ITR";"R$393.112,50"
"Sudeste";"RJ";"2019";"FUNDEB - LC 87";"R$0,00"
"Sudeste";"RJ";"2020";"FUNDEB - COUN";"R$19.423.409,18"
"Sudeste";"RJ";"2020";"FUNDEB - FPE";"R$85.516.196,37"
"Sudeste";"RJ";"2020";"FUNDEB - FPM";"R$173.208.031,94"
"Sudeste";"RJ";"2020";"FUNDEB - ICMS";"R$2.244.702.940,99"
"Sudeste";"RJ";"2020";"FUNDEB - IPI-EXP";"R$64.154.077,61"
"Sudeste";"RJ";"2020";"FUNDEB - IPVA";"R$175.181.392,29"
"Sudeste";"RJ";"2020";"FUNDEB - ITCMD";"R$65.657.176,96"
"Sudeste";"RJ";"2020";"FUNDEB - ITR";"R$409.164,72"
"Sudeste";"RJ";"2020";"FUNDEB - LC 87";"R$0,00"
"Sudeste";"RJ";"2021";"FUNDEB - COUN";"R$0,00"
"Sudeste";"RJ";"2021";"FUNDEB - COUN VAAF";"R$66.141.369,42"
"Sudeste";"RJ";"2021";"FUNDEB - FPE";"R$114.058.758,44"
"Sudeste";"RJ";"2021";"FUNDEB - FPM";"R$244.659.952,80"
"Sudeste";"RJ";"2021";"FUNDEB - ICMS";"R$3.286.719.154,69"
"Sudeste";"RJ";"2021";"FUNDEB - IPI-EXP";"R$87.638.724,13"
"Sudeste";"RJ";"2021";"FUNDEB - IPVA";"R$201.475.527,79"
"Sudeste";"RJ";"2021";"FUNDEB - ITCMD";"R$93.018.454,32"
"Sudeste";"RJ";"2021";"FUNDEB - ITR";"R$469.429,88"
"Sudeste";"RJ";"2021";"FUNDEB - LC 87";"R$0,00"
"Sudeste";"RJ";"2022";"FUNDEB - FPE";"R$152.251.688,05"
"Sudeste";"RJ";"2022";"FUNDEB - FPM";"R$298.274.166,12"
"Sudeste";"RJ";"2022";"FUNDEB - ICMS";"R$3.067.668.014,40"
"Sudeste";"RJ";"2022";"FUNDEB - IPI-EXP";"R$67.915.141,03"
"Sudeste";"RJ";"2022";"FUNDEB - IPVA";"R$244.825.105,13"
"Sudeste";"RJ";"2022";"FUNDEB - ITCMD";"R$94.939.624,01"
"Sudeste";"RJ";"2022";"FUNDEB - ITR";"R$543.663,00"
"Sudeste";"RJ";"2023";"FUNDEB - COUN VAAF";"R$329.080.657,47"
"Sudeste";"RJ";"2023";"FUNDEB - FPE";"R$153.907.680,40"
"Sudeste";"RJ";"2023";"FUNDEB - FPM";"R$307.456.274,76"
"Sudeste";"RJ";"2023";"FUNDEB - ICMS";"R$3.149.130.187,95"
"Sudeste";"RJ";"2023";"FUNDEB - IPI-EXP";"R$70.223.563,90"
"Sudeste";"RJ";"2023";"FUNDEB - IPVA";"R$288.032.453,73"
"Sudeste";"RJ";"2023";"FUNDEB - ITCMD";"R$96.181.914,74"
"Sudeste";"RJ";"2023";"FUNDEB - ITR";"R$553.186,81"
"Sudeste";"RJ";"2024";"FUNDEB - COUN VAAF";"R$282.920.180,99"
"Sudeste";"RJ";"2024";"FUNDEB - FPE";"R$180.375.673,59"
"Sudeste";"RJ";"2024";"FUNDEB - FPM";"R$323.401.513,56"
"Sudeste";"RJ";"2024";"FUNDEB - ICMS";"R$3.097.125.959,88"
"Sudeste";"RJ";"2024";"FUNDEB - IPI-EXP";"R$92.474.050,89"
"Sudeste";"RJ";"2024";"FUNDEB - IPVA";"R$292.055.286,62"
"Sudeste";"RJ";"2024";"FUNDEB - ITCMD";"R$93.907.976,16"
"Sudeste";"RJ";"2024";"FUNDEB - ITR";"R$692.591,18"
"Sudeste";"RJ";"2025";"FUNDEB - COUN VAAF";"R$75.872.887,66"
"Sudeste";"RJ";"2025";"FUNDEB - FPE";"R$171.873.770,69"
"Sudeste";"RJ";"2025";"FUNDEB - FPM";"R$321.050.704,71"
"Sudeste";"RJ";"2025";"FUNDEB - FUNDEB - FTI";"R$4.294.683,21"
"Sudeste";"RJ";"2025";"FUNDEB - ICMS";"R$3.246.444.370,01"
"Sudeste";"RJ";"2025";"FUNDEB - IPI-EXP";"R$89.197.101,12"
"Sudeste";"RJ";"2025";"FUNDEB - IPVA";"R$282.128.691,82"
"Sudeste";"RJ";"2025";"FUNDEB - ITCMD";"R$94.323.305,44"
"Sudeste";"RJ";"2025";"FUNDEB - ITR";"R$507.651,61"
"Sudeste";"RJ";"2026";"FUNDEB - COUN VAAF";"R$4.142.898,24"
"Sudeste";"RJ";"2026";"FUNDEB - COUN VAAR";"R$0,00"
"Sudeste";"RJ";"2026";"FUNDEB - COUN VAAT";"R$0,00"
"Sudeste";"RJ";"2026";"FUNDEB - FPE";"R$135.065.052,79"
"Sudeste";"RJ";"2026";"FUNDEB - FPM";"R$227.590.550,99"
"Sudeste";"RJ";"2026";"FUNDEB - FUNDEB - FTI";"R$757.885,27"
"Sudeste";"RJ";"2026";"FUNDEB - ICMS";"R$2.418.998.626,21"
"Sudeste";"RJ";"2026";"FUNDEB - IPI-EXP";"R$65.108.186,14"
"Sudeste";"RJ";"2026";"FUNDEB - IPVA";"R$255.898.427,74"
"Sudeste";"RJ";"2026";"FUNDEB - ITCMD";"R$61.018.689,28"
"Sudeste";"RJ";"2026";"FUNDEB - ITR";"R$96.599,63"
"Sudeste";"SP";"2016";"FUNDEB - FPE";"R$84.289.116,69"
"Sudeste";"SP";"2016";"FUNDEB - FPM";"R$1.209.819.201,78"
"Sudeste";"SP";"2016";"FUNDEB - ICMS";"R$12.394.929.098,08"
"Sudeste";"SP";"2016";"FUNDEB - IPI-EXP";"R$84.571.167,93"
"Sudeste";"SP";"2016";"FUNDEB - IPVA";"R$1.498.107.046,17"
"Sudeste";"SP";"2016";"FUNDEB - ITCMD";"R$240.384.511,06"
"Sudeste";"SP";"2016";"FUNDEB - ITR";"R$21.492.488,84"
"Sudeste";"SP";"2016";"FUNDEB - LC 87";"R$60.285.453,12"
"Sudeste";"SP";"2017";"FUNDEB - COUN";"R$0,00"
"Sudeste";"SP";"2017";"FUNDEB - FPE";"R$81.626.697,40"
"Sudeste";"SP";"2017";"FUNDEB - FPM";"R$1.136.411.309,31"
"Sudeste";"SP";"2017";"FUNDEB - ICMS";"R$12.803.096.311,96"
"Sudeste";"SP";"2017";"FUNDEB - IPI-EXP";"R$92.410.310,82"
"Sudeste";"SP";"2017";"FUNDEB - IPVA";"R$1.504.767.208,96"
"Sudeste";"SP";"2017";"FUNDEB - ITCMD";"R$302.274.053,59"
"Sudeste";"SP";"2017";"FUNDEB - ITR";"R$22.682.982,49"
"Sudeste";"SP";"2017";"FUNDEB - LC 87";"R$59.361.931,68"
"Sudeste";"SP";"2018";"FUNDEB - COUN";"R$0,00"
"Sudeste";"SP";"2018";"FUNDEB - FPE";"R$83.295.073,99"
"Sudeste";"SP";"2018";"FUNDEB - FPM";"R$1.193.262.256,49"
"Sudeste";"SP";"2018";"FUNDEB - ICMS";"R$13.308.898.525,25"
"Sudeste";"SP";"2018";"FUNDEB - IPI-EXP";"R$106.570.214,58"
"Sudeste";"SP";"2018";"FUNDEB - IPVA";"R$1.515.272.172,96"
"Sudeste";"SP";"2018";"FUNDEB - ITCMD";"R$270.196.060,21"
"Sudeste";"SP";"2018";"FUNDEB - ITR";"R$24.239.746,27"
"Sudeste";"SP";"2018";"FUNDEB - LC 87";"R$56.934.813,00"
"Sudeste";"SP";"2019";"FUNDEB - COUN";"R$0,00"
"Sudeste";"SP";"2019";"FUNDEB - FPE";"R$89.007.847,78"
"Sudeste";"SP";"2019";"FUNDEB - FPM";"R$1.259.426.654,09"
"Sudeste";"SP";"2019";"FUNDEB - ICMS";"R$13.973.006.985,76"
"Sudeste";"SP";"2019";"FUNDEB - IPI-EXP";"R$99.167.035,27"
"Sudeste";"SP";"2019";"FUNDEB - IPVA";"R$1.577.107.207,89"
"Sudeste";"SP";"2019";"FUNDEB - ITCMD";"R$323.800.057,35"
"Sudeste";"SP";"2019";"FUNDEB - ITR";"R$20.491.284,09"
"Sudeste";"SP";"2019";"FUNDEB - LC 87";"R$0,00"
"Sudeste";"SP";"2020";"FUNDEB - COUN";"R$0,00"
"Sudeste";"SP";"2020";"FUNDEB - FPE";"R$81.873.929,99"
"Sudeste";"SP";"2020";"FUNDEB - FPM";"R$1.173.627.584,85"
"Sudeste";"SP";"2020";"FUNDEB - ICMS";"R$13.352.685.243,56"
"Sudeste";"SP";"2020";"FUNDEB - IPI-EXP";"R$98.887.352,44"
"Sudeste";"SP";"2020";"FUNDEB - IPVA";"R$1.587.838.289,50"
"Sudeste";"SP";"2020";"FUNDEB - ITCMD";"R$297.321.225,21"
"Sudeste";"SP";"2020";"FUNDEB - ITR";"R$23.728.324,47"
"Sudeste";"SP";"2020";"FUNDEB - LC 87";"R$0,00"
"Sudeste";"SP";"2021";"FUNDEB - COUN";"R$0,00"
"Sudeste";"SP";"2021";"FUNDEB - FPE";"R$110.750.500,82"
"Sudeste";"SP";"2021";"FUNDEB - FPM";"R$1.595.004.783,36"
"Sudeste";"SP";"2021";"FUNDEB - ICMS";"R$17.094.540.270,17"
"Sudeste";"SP";"2021";"FUNDEB - IPI-EXP";"R$129.709.102,28"
"Sudeste";"SP";"2021";"FUNDEB - IPVA";"R$1.692.662.061,07"
"Sudeste";"SP";"2021";"FUNDEB - ITCMD";"R$398.347.249,27"
"Sudeste";"SP";"2021";"FUNDEB - ITR";"R$29.386.162,43"
"Sudeste";"SP";"2021";"FUNDEB - LC 87";"R$0,00"
"Sudeste";"SP";"2022";"FUNDEB - AFE";"R$180.438.966,90"
"Sudeste";"SP";"2022";"FUNDEB - FPE";"R$155.989.105,26"
"Sudeste";"SP";"2022";"FUNDEB - FPM";"R$2.060.012.102,26"
"Sudeste";"SP";"2022";"FUNDEB - ICMS";"R$19.614.343.116,63"
"Sudeste";"SP";"2022";"FUNDEB - IPI-EXP";"R$115.311.375,06"
"Sudeste";"SP";"2022";"FUNDEB - IPVA";"R$2.164.283.394,40"
"Sudeste";"SP";"2022";"FUNDEB - ITCMD";"R$386.969.845,85"
"Sudeste";"SP";"2022";"FUNDEB - ITR";"R$37.271.169,93"
"Sudeste";"SP";"2023";"FUNDEB - FPE";"R$148.451.616,19"
"Sudeste";"SP";"2023";"FUNDEB - FPM";"R$2.113.079.375,60"
"Sudeste";"SP";"2023";"FUNDEB - ICMS";"R$18.805.644.902,95"
"Sudeste";"SP";"2023";"FUNDEB - IPI-EXP";"R$109.687.181,54"
"Sudeste";"SP";"2023";"FUNDEB - IPVA";"R$2.642.636.210,35"
"Sudeste";"SP";"2023";"FUNDEB - ITCMD";"R$441.137.984,24"
"Sudeste";"SP";"2023";"FUNDEB - ITR";"R$42.834.353,95"
"Sudeste";"SP";"2024";"FUNDEB - COUN VAAR";"R$112.777.104,16"
"Sudeste";"SP";"2024";"FUNDEB - FPE";"R$177.085.059,50"
"Sudeste";"SP";"2024";"FUNDEB - FPM";"R$2.347.116.854,29"
"Sudeste";"SP";"2024";"FUNDEB - ICMS";"R$20.287.603.663,47"
"Sudeste";"SP";"2024";"FUNDEB - IPI-EXP";"R$152.201.823,15"
"Sudeste";"SP";"2024";"FUNDEB - IPVA";"R$2.691.984.111,44"
"Sudeste";"SP";"2024";"FUNDEB - ITCMD";"R$645.924.947,61"
"Sudeste";"SP";"2024";"FUNDEB - ITR";"R$45.169.195,73"
"Sudeste";"SP";"2025";"FUNDEB - COUN VAAR";"R$56.987.154,84"
"Sudeste";"SP";"2025";"FUNDEB - FPE";"R$196.606.478,02"
"Sudeste";"SP";"2025";"FUNDEB - FPM";"R$2.544.546.147,63"
"Sudeste";"SP";"2025";"FUNDEB - FUNDEB - FTI";"R$85.631.486,08"
"Sudeste";"SP";"2025";"FUNDEB - ICMS";"R$21.261.835.557,40"
"Sudeste";"SP";"2025";"FUNDEB - IPI-EXP";"R$157.007.459,54"
"Sudeste";"SP";"2025";"FUNDEB - IPVA";"R$2.850.887.214,90"
"Sudeste";"SP";"2025";"FUNDEB - ITCMD";"R$649.557.985,32"
"Sudeste";"SP";"2025";"FUNDEB - ITR";"R$46.677.036,63"
"Sudeste";"SP";"2026";"FUNDEB - COUN VAAF";"R$0,00"
"Sudeste";"SP";"2026";"FUNDEB - COUN VAAR";"R$0,00"
"Sudeste";"SP";"2026";"FUNDEB - COUN VAAT";"R$0,00"
"Sudeste";"SP";"2026";"FUNDEB - FPE";"R$159.395.058,46"
"Sudeste";"SP";"2026";"FUNDEB - FPM";"R$1.870.386.136,25"
"Sudeste";"SP";"2026";"FUNDEB - FUNDEB - FTI";"R$15.111.438,72"
"Sudeste";"SP";"2026";"FUNDEB - ICMS";"R$14.223.484.548,19"
"Sudeste";"SP";"2026";"FUNDEB - IPI-EXP";"R$118.683.950,65"
"Sudeste";"SP";"2026";"FUNDEB - IPVA";"R$2.715.949.091,76"
"Sudeste";"SP";"2026";"FUNDEB - ITCMD";"R$313.279.155,08"
"Sudeste";"SP";"2026";"FUNDEB - ITR";"R$4.509.761,09"
"Sul";"PR";"2016";"FUNDEB - FPE";"R$257.064.220,82"
"Sul";"PR";"2016";"FUNDEB - FPM";"R$642.724.709,43"
"Sul";"PR";"2016";"FUNDEB - ICMS";"R$2.704.479.977,01"
"Sul";"PR";"2016";"FUNDEB - IPI-EXP";"R$37.074.872,08"
"Sul";"PR";"2016";"FUNDEB - IPVA";"R$336.381.004,14"
"Sul";"PR";"2016";"FUNDEB - ITCMD";"R$41.127.395,21"
"Sul";"PR";"2016";"FUNDEB - ITR";"R$11.539.406,11"
"Sul";"PR";"2016";"FUNDEB - LC 87";"R$20.462.204,46"
"Sul";"PR";"2017";"FUNDEB - COUN";"R$0,00"
"Sul";"PR";"2017";"FUNDEB - FPE";"R$244.020.177,78"
"Sul";"PR";"2017";"FUNDEB - FPM";"R$600.137.087,60"
"Sul";"PR";"2017";"FUNDEB - ICMS";"R$2.949.262.582,98"
"Sul";"PR";"2017";"FUNDEB - IPI-EXP";"R$45.692.144,90"
"Sul";"PR";"2017";"FUNDEB - IPVA";"R$337.114.164,93"
"Sul";"PR";"2017";"FUNDEB - ITCMD";"R$45.657.360,61"
"Sul";"PR";"2017";"FUNDEB - ITR";"R$12.172.240,84"
"Sul";"PR";"2017";"FUNDEB - LC 87";"R$20.024.569,32"
"Sul";"PR";"2018";"FUNDEB - COUN";"R$0,00"
"Sul";"PR";"2018";"FUNDEB - FPE";"R$257.058.280,48"
"Sul";"PR";"2018";"FUNDEB - FPM";"R$637.806.823,75"
"Sul";"PR";"2018";"FUNDEB - ICMS";"R$3.039.870.123,69"
"Sul";"PR";"2018";"FUNDEB - IPI-EXP";"R$53.302.149,09"
"Sul";"PR";"2018";"FUNDEB - IPVA";"R$348.655.657,57"
"Sul";"PR";"2018";"FUNDEB - ITCMD";"R$48.229.920,01"
"Sul";"PR";"2018";"FUNDEB - ITR";"R$13.186.974,36"
"Sul";"PR";"2018";"FUNDEB - LC 87";"R$19.436.592,24"
"Sul";"PR";"2019";"FUNDEB - COUN";"R$0,00"
"Sul";"PR";"2019";"FUNDEB - FPE";"R$273.870.403,17"
"Sul";"PR";"2019";"FUNDEB - FPM";"R$685.355.696,19"
"Sul";"PR";"2019";"FUNDEB - ICMS";"R$3.076.053.132,80"
"Sul";"PR";"2019";"FUNDEB - IPI-EXP";"R$48.851.778,88"
"Sul";"PR";"2019";"FUNDEB - IPVA";"R$368.137.772,51"
"Sul";"PR";"2019";"FUNDEB - ITCMD";"R$53.845.449,81"
"Sul";"PR";"2019";"FUNDEB - ITR";"R$12.504.563,73"
"Sul";"PR";"2019";"FUNDEB - LC 87";"R$0,00"
"Sul";"PR";"2020";"FUNDEB - COUN";"R$0,00"
"Sul";"PR";"2020";"FUNDEB - FPE";"R$256.778.479,57"
"Sul";"PR";"2020";"FUNDEB - FPM";"R$642.593.556,69"
"Sul";"PR";"2020";"FUNDEB - ICMS";"R$3.013.194.185,15"
"Sul";"PR";"2020";"FUNDEB - IPI-EXP";"R$49.658.533,47"
"Sul";"PR";"2020";"FUNDEB - IPVA";"R$380.716.766,58"
"Sul";"PR";"2020";"FUNDEB - ITCMD";"R$65.943.364,98"
"Sul";"PR";"2020";"FUNDEB - ITR";"R$14.518.626,79"
"Sul";"PR";"2020";"FUNDEB - LC 87";"R$0,00"
"Sul";"PR";"2021";"FUNDEB - COUN";"R$0,00"
"Sul";"PR";"2021";"FUNDEB - COUN VAAF";"R$13.055.582,47"
"Sul";"PR";"2021";"FUNDEB - FPE";"R$351.784.554,35"
"Sul";"PR";"2021";"FUNDEB - FPM";"R$884.072.287,87"
"Sul";"PR";"2021";"FUNDEB - ICMS";"R$3.877.584.532,59"
"Sul";"PR";"2021";"FUNDEB - IPI-EXP";"R$57.388.583,46"
"Sul";"PR";"2021";"FUNDEB - IPVA";"R$412.463.167,33"
"Sul";"PR";"2021";"FUNDEB - ITCMD";"R$91.367.641,71"
"Sul";"PR";"2021";"FUNDEB - ITR";"R$21.196.836,57"
"Sul";"PR";"2021";"FUNDEB - LC 87";"R$0,00"
"Sul";"PR";"2022";"FUNDEB - AFE";"R$21.677.997,80"
"Sul";"PR";"2022";"FUNDEB - COUN VAAF";"R$3.246.785,00"
"Sul";"PR";"2022";"FUNDEB - FPE";"R$429.127.498,72"
"Sul";"PR";"2022";"FUNDEB - FPM";"R$1.053.979.360,58"
"Sul";"PR";"2022";"FUNDEB - ICMS";"R$3.990.970.472,66"
"Sul";"PR";"2022";"FUNDEB - IPI-EXP";"R$45.007.833,76"
"Sul";"PR";"2022";"FUNDEB - IPVA";"R$516.771.132,90"
"Sul";"PR";"2022";"FUNDEB - ITCMD";"R$101.461.214,97"
"Sul";"PR";"2022";"FUNDEB - ITR";"R$26.254.145,36"
"Sul";"PR";"2023";"FUNDEB - COUN VAAR";"R$55.247.411,16"
"Sul";"PR";"2023";"FUNDEB - FPE";"R$444.203.369,09"
"Sul";"PR";"2023";"FUNDEB - FPM";"R$1.124.912.671,00"
"Sul";"PR";"2023";"FUNDEB - ICMS";"R$4.523.044.890,49"
"Sul";"PR";"2023";"FUNDEB - IPI-EXP";"R$45.021.224,76"
"Sul";"PR";"2023";"FUNDEB - IPVA";"R$636.711.930,60"
"Sul";"PR";"2023";"FUNDEB - ITCMD";"R$125.161.605,58"
"Sul";"PR";"2023";"FUNDEB - ITR";"R$34.802.866,17"
"Sul";"PR";"2024";"FUNDEB - COUN VAAR";"R$101.175.791,33"
"Sul";"PR";"2024";"FUNDEB - FPE";"R$487.312.608,06"
"Sul";"PR";"2024";"FUNDEB - FPM";"R$1.244.119.179,12"
"Sul";"PR";"2024";"FUNDEB - ICMS";"R$4.833.104.791,43"
"Sul";"PR";"2024";"FUNDEB - IPI-EXP";"R$72.462.661,24"
"Sul";"PR";"2024";"FUNDEB - IPVA";"R$642.307.946,14"
"Sul";"PR";"2024";"FUNDEB - ITCMD";"R$138.902.356,24"
"Sul";"PR";"2024";"FUNDEB - ITR";"R$34.150.066,52"
"Sul";"PR";"2025";"FUNDEB - COUN VAAR";"R$441.145.532,86"
"Sul";"PR";"2025";"FUNDEB - FPE";"R$552.254.169,94"
"Sul";"PR";"2025";"FUNDEB - FPM";"R$1.376.856.619,69"
"Sul";"PR";"2025";"FUNDEB - FUNDEB - FTI";"R$78.354.265,37"
"Sul";"PR";"2025";"FUNDEB - ICMS";"R$5.074.169.923,29"
"Sul";"PR";"2025";"FUNDEB - IPI-EXP";"R$73.291.241,20"
"Sul";"PR";"2025";"FUNDEB - IPVA";"R$695.066.068,87"
"Sul";"PR";"2025";"FUNDEB - ITCMD";"R$153.558.659,80"
"Sul";"PR";"2025";"FUNDEB - ITR";"R$38.598.781,09"
"Sul";"PR";"2026";"FUNDEB - COUN VAAF";"R$0,00"
"Sul";"PR";"2026";"FUNDEB - COUN VAAR";"R$348.492.768,97"
"Sul";"PR";"2026";"FUNDEB - COUN VAAT";"R$0,00"
"Sul";"PR";"2026";"FUNDEB - FPE";"R$338.755.548,13"
"Sul";"PR";"2026";"FUNDEB - FPM";"R$932.052.879,11"
"Sul";"PR";"2026";"FUNDEB - FUNDEB - FTI";"R$13.827.223,30"
"Sul";"PR";"2026";"FUNDEB - ICMS";"R$3.239.166.928,59"
"Sul";"PR";"2026";"FUNDEB - IPI-EXP";"R$50.757.153,68"
"Sul";"PR";"2026";"FUNDEB - IPVA";"R$442.699.637,25"
"Sul";"PR";"2026";"FUNDEB - ITCMD";"R$80.224.165,37"
"Sul";"PR";"2026";"FUNDEB - ITR";"R$4.405.784,29"
"Sul";"RS";"2016";"FUNDEB - FPE";"R$196.200.373,42"
"Sul";"RS";"2016";"FUNDEB - FPM";"R$614.599.478,57"
"Sul";"RS";"2016";"FUNDEB - ICMS";"R$2.994.516.617,59"
"Sul";"RS";"2016";"FUNDEB - IPI-EXP";"R$37.728.791,56"
"Sul";"RS";"2016";"FUNDEB - IPVA";"R$242.165.300,26"
"Sul";"RS";"2016";"FUNDEB - ITCMD";"R$42.873.784,39"
"Sul";"RS";"2016";"FUNDEB - ITR";"R$10.594.538,51"
"Sul";"RS";"2016";"FUNDEB - LC 87";"R$19.466.499,00"
"Sul";"RS";"2017";"FUNDEB - COUN";"R$0,00"
"Sul";"RS";"2017";"FUNDEB - FPE";"R$185.501.687,85"
"Sul";"RS";"2017";"FUNDEB - FPM";"R$570.665.418,75"
"Sul";"RS";"2017";"FUNDEB - ICMS";"R$3.043.037.684,92"
"Sul";"RS";"2017";"FUNDEB - IPI-EXP";"R$47.122.190,65"
"Sul";"RS";"2017";"FUNDEB - IPVA";"R$245.098.317,72"
"Sul";"RS";"2017";"FUNDEB - ITCMD";"R$48.938.369,24"
"Sul";"RS";"2017";"FUNDEB - ITR";"R$11.086.756,28"
"Sul";"RS";"2017";"FUNDEB - LC 87";"R$18.944.785,44"
"Sul";"RS";"2018";"FUNDEB - COUN";"R$0,00"
"Sul";"RS";"2018";"FUNDEB - FPE";"R$192.626.833,61"
"Sul";"RS";"2018";"FUNDEB - FPM";"R$597.967.026,60"
"Sul";"RS";"2018";"FUNDEB - ICMS";"R$3.287.869.549,22"
"Sul";"RS";"2018";"FUNDEB - IPI-EXP";"R$48.136.068,96"
"Sul";"RS";"2018";"FUNDEB - IPVA";"R$272.160.889,09"
"Sul";"RS";"2018";"FUNDEB - ITCMD";"R$54.110.650,43"
"Sul";"RS";"2018";"FUNDEB - ITR";"R$12.026.154,47"
"Sul";"RS";"2018";"FUNDEB - LC 87";"R$18.130.701,53"
"Sul";"RS";"2019";"FUNDEB - COUN";"R$0,00"
"Sul";"RS";"2019";"FUNDEB - FPE";"R$198.345.303,06"
"Sul";"RS";"2019";"FUNDEB - FPM";"R$624.591.149,63"
"Sul";"RS";"2019";"FUNDEB - ICMS";"R$3.194.472.902,68"
"Sul";"RS";"2019";"FUNDEB - IPI-EXP";"R$48.502.889,60"
"Sul";"RS";"2019";"FUNDEB - IPVA";"R$271.670.698,59"
"Sul";"RS";"2019";"FUNDEB - ITCMD";"R$60.605.560,92"
"Sul";"RS";"2019";"FUNDEB - ITR";"R$12.935.310,50"
"Sul";"RS";"2019";"FUNDEB - LC 87";"R$0,00"
"Sul";"RS";"2020";"FUNDEB - COUN";"R$0,00"
"Sul";"RS";"2020";"FUNDEB - FPE";"R$188.158.483,98"
"Sul";"RS";"2020";"FUNDEB - FPM";"R$578.047.242,87"
"Sul";"RS";"2020";"FUNDEB - ICMS";"R$3.162.308.285,96"
"Sul";"RS";"2020";"FUNDEB - IPI-EXP";"R$45.256.223,26"
"Sul";"RS";"2020";"FUNDEB - IPVA";"R$296.055.117,65"
"Sul";"RS";"2020";"FUNDEB - ITCMD";"R$66.031.215,68"
"Sul";"RS";"2020";"FUNDEB - ITR";"R$13.890.039,10"
"Sul";"RS";"2020";"FUNDEB - LC 87";"R$0,00"
"Sul";"RS";"2021";"FUNDEB - COUN";"R$0,00"
"Sul";"RS";"2021";"FUNDEB - FPE";"R$235.650.191,33"
"Sul";"RS";"2021";"FUNDEB - FPM";"R$773.106.025,60"
"Sul";"RS";"2021";"FUNDEB - ICMS";"R$4.118.674.407,22"
"Sul";"RS";"2021";"FUNDEB - IPI-EXP";"R$44.912.318,26"
"Sul";"RS";"2021";"FUNDEB - IPVA";"R$313.562.102,18"
"Sul";"RS";"2021";"FUNDEB - ITCMD";"R$95.222.907,95"
"Sul";"RS";"2021";"FUNDEB - ITR";"R$15.193.601,25"
"Sul";"RS";"2021";"FUNDEB - LC 87";"R$0,00"
"Sul";"RS";"2022";"FUNDEB - FPE";"R$276.185.112,05"
"Sul";"RS";"2022";"FUNDEB - FPM";"R$939.057.474,19"
"Sul";"RS";"2022";"FUNDEB - ICMS";"R$3.697.526.421,97"
"Sul";"RS";"2022";"FUNDEB - IPI-EXP";"R$35.943.055,32"
"Sul";"RS";"2022";"FUNDEB - IPVA";"R$383.809.515,46"
"Sul";"RS";"2022";"FUNDEB - ITCMD";"R$111.720.544,73"
"Sul";"RS";"2022";"FUNDEB - ITR";"R$17.092.201,73"
"Sul";"RS";"2023";"FUNDEB - COUN VAAR";"R$42.369.092,84"
"Sul";"RS";"2023";"FUNDEB - FPE";"R$275.262.211,20"
"Sul";"RS";"2023";"FUNDEB - FPM";"R$976.148.820,93"
"Sul";"RS";"2023";"FUNDEB - ICMS";"R$3.989.951.211,29"
"Sul";"RS";"2023";"FUNDEB - IPI-EXP";"R$37.461.308,10"
"Sul";"RS";"2023";"FUNDEB - IPVA";"R$394.283.840,93"
"Sul";"RS";"2023";"FUNDEB - ITCMD";"R$119.358.182,41"
"Sul";"RS";"2023";"FUNDEB - ITR";"R$19.543.977,80"
"Sul";"RS";"2024";"FUNDEB - COUN VAAR";"R$79.488.407,44"
"Sul";"RS";"2024";"FUNDEB - FPE";"R$309.311.551,97"
"Sul";"RS";"2024";"FUNDEB - FPM";"R$1.074.933.180,28"
"Sul";"RS";"2024";"FUNDEB - ICMS";"R$4.268.238.743,37"
"Sul";"RS";"2024";"FUNDEB - IPI-EXP";"R$52.906.694,54"
"Sul";"RS";"2024";"FUNDEB - IPVA";"R$504.435.208,94"
"Sul";"RS";"2024";"FUNDEB - ITCMD";"R$139.228.233,36"
"Sul";"RS";"2024";"FUNDEB - ITR";"R$20.628.001,12"
"Sul";"RS";"2025";"FUNDEB - COUN VAAR";"R$11.798.983,33"
"Sul";"RS";"2025";"FUNDEB - FPE";"R$333.252.362,83"
"Sul";"RS";"2025";"FUNDEB - FPM";"R$1.078.456.907,34"
"Sul";"RS";"2025";"FUNDEB - FUNDEB - FTI";"R$8.334.621,47"
"Sul";"RS";"2025";"FUNDEB - ICMS";"R$3.969.031.970,22"
"Sul";"RS";"2025";"FUNDEB - IPI-EXP";"R$46.717.952,41"
"Sul";"RS";"2025";"FUNDEB - IPVA";"R$443.689.205,63"
"Sul";"RS";"2025";"FUNDEB - ITCMD";"R$128.834.264,06"
"Sul";"RS";"2025";"FUNDEB - ITR";"R$20.304.252,68"
"Sul";"RS";"2026";"FUNDEB - COUN VAAF";"R$0,00"
"Sul";"RS";"2026";"FUNDEB - COUN VAAR";"R$0,00"
"Sul";"RS";"2026";"FUNDEB - COUN VAAT";"R$0,00"
"Sul";"RS";"2026";"FUNDEB - FPE";"R$215.758.871,88"
"Sul";"RS";"2026";"FUNDEB - FPM";"R$744.190.899,15"
"Sul";"RS";"2026";"FUNDEB - FUNDEB - FTI";"R$1.470.815,55"
"Sul";"RS";"2026";"FUNDEB - ICMS";"R$2.602.904.904,42"
"Sul";"RS";"2026";"FUNDEB - IPI-EXP";"R$33.309.651,14"
"Sul";"RS";"2026";"FUNDEB - IPVA";"R$376.369.281,95"
"Sul";"RS";"2026";"FUNDEB - ITCMD";"R$72.365.547,68"
"Sul";"RS";"2026";"FUNDEB - ITR";"R$2.442.874,55"
"Sul";"SC";"2016";"FUNDEB - FPE";"R$97.281.487,83"
"Sul";"SC";"2016";"FUNDEB - FPM";"R$304.249.019,21"
"Sul";"SC";"2016";"FUNDEB - ICMS";"R$1.502.159.899,22"
"Sul";"SC";"2016";"FUNDEB - IPI-EXP";"R$21.615.748,47"
"Sul";"SC";"2016";"FUNDEB - IPVA";"R$127.110.462,20"
"Sul";"SC";"2016";"FUNDEB - ITCMD";"R$22.986.767,79"
"Sul";"SC";"2016";"FUNDEB - ITR";"R$1.378.785,04"
"Sul";"SC";"2016";"FUNDEB - LC 87";"R$5.973.868,80"
"Sul";"SC";"2017";"FUNDEB - COUN";"R$0,00"
"Sul";"SC";"2017";"FUNDEB - FPE";"R$88.782.813,00"
"Sul";"SC";"2017";"FUNDEB - FPM";"R$283.835.408,97"
"Sul";"SC";"2017";"FUNDEB - ICMS";"R$1.628.944.831,38"
"Sul";"SC";"2017";"FUNDEB - IPI-EXP";"R$24.181.972,34"
"Sul";"SC";"2017";"FUNDEB - IPVA";"R$130.677.014,99"
"Sul";"SC";"2017";"FUNDEB - ITCMD";"R$23.351.217,45"
"Sul";"SC";"2017";"FUNDEB - ITR";"R$1.553.580,38"
"Sul";"SC";"2017";"FUNDEB - LC 87";"R$5.841.491,04"
"Sul";"SC";"2018";"FUNDEB - COUN";"R$0,00"
"Sul";"SC";"2018";"FUNDEB - FPE";"R$93.761.647,46"
"Sul";"SC";"2018";"FUNDEB - FPM";"R$296.160.677,07"
"Sul";"SC";"2018";"FUNDEB - ICMS";"R$1.733.649.598,83"
"Sul";"SC";"2018";"FUNDEB - IPI-EXP";"R$26.974.397,14"
"Sul";"SC";"2018";"FUNDEB - IPVA";"R$142.258.924,17"
"Sul";"SC";"2018";"FUNDEB - ITCMD";"R$23.898.302,80"
"Sul";"SC";"2018";"FUNDEB - ITR";"R$1.543.284,38"
"Sul";"SC";"2018";"FUNDEB - LC 87";"R$5.567.047,72"
"Sul";"SC";"2019";"FUNDEB - COUN";"R$0,00"
"Sul";"SC";"2019";"FUNDEB - FPE";"R$99.362.894,74"
"Sul";"SC";"2019";"FUNDEB - FPM";"R$322.812.711,55"
"Sul";"SC";"2019";"FUNDEB - ICMS";"R$1.930.759.772,61"
"Sul";"SC";"2019";"FUNDEB - IPI-EXP";"R$25.121.014,40"
"Sul";"SC";"2019";"FUNDEB - IPVA";"R$157.235.249,61"
"Sul";"SC";"2019";"FUNDEB - ITCMD";"R$28.108.736,29"
"Sul";"SC";"2019";"FUNDEB - ITR";"R$1.716.983,58"
"Sul";"SC";"2019";"FUNDEB - LC 87";"R$0,00"
"Sul";"SC";"2020";"FUNDEB - COUN";"R$0,00"
"Sul";"SC";"2020";"FUNDEB - FPE";"R$94.610.523,75"
"Sul";"SC";"2020";"FUNDEB - FPM";"R$300.224.540,38"
"Sul";"SC";"2020";"FUNDEB - ICMS";"R$1.900.517.121,18"
"Sul";"SC";"2020";"FUNDEB - IPI-EXP";"R$26.458.160,52"
"Sul";"SC";"2020";"FUNDEB - IPVA";"R$167.767.537,66"
"Sul";"SC";"2020";"FUNDEB - ITCMD";"R$30.018.048,09"
"Sul";"SC";"2020";"FUNDEB - ITR";"R$1.684.886,23"
"Sul";"SC";"2020";"FUNDEB - LC 87";"R$0,00"
"Sul";"SC";"2021";"FUNDEB - COUN";"R$0,00"
"Sul";"SC";"2021";"FUNDEB - FPE";"R$127.573.235,26"
"Sul";"SC";"2021";"FUNDEB - FPM";"R$411.471.967,43"
"Sul";"SC";"2021";"FUNDEB - ICMS";"R$2.319.266.196,55"
"Sul";"SC";"2021";"FUNDEB - IPI-EXP";"R$32.942.949,25"
"Sul";"SC";"2021";"FUNDEB - IPVA";"R$183.530.304,64"
"Sul";"SC";"2021";"FUNDEB - ITCMD";"R$55.138.634,77"
"Sul";"SC";"2021";"FUNDEB - ITR";"R$1.955.909,06"
"Sul";"SC";"2021";"FUNDEB - LC 87";"R$0,00"
"Sul";"SC";"2022";"FUNDEB - AFE";"R$1.182.253,50"
"Sul";"SC";"2022";"FUNDEB - FPE";"R$171.709.584,28"
"Sul";"SC";"2022";"FUNDEB - FPM";"R$519.913.555,72"
"Sul";"SC";"2022";"FUNDEB - ICMS";"R$2.805.736.074,29"
"Sul";"SC";"2022";"FUNDEB - IPI-EXP";"R$27.650.151,60"
"Sul";"SC";"2022";"FUNDEB - IPVA";"R$250.038.957,48"
"Sul";"SC";"2022";"FUNDEB - ITCMD";"R$62.394.519,02"
"Sul";"SC";"2022";"FUNDEB - ITR";"R$3.108.042,56"
"Sul";"SC";"2023";"FUNDEB - FPE";"R$153.950.850,98"
"Sul";"SC";"2023";"FUNDEB - FPM";"R$514.536.952,83"
"Sul";"SC";"2023";"FUNDEB - ICMS";"R$2.885.066.527,62"
"Sul";"SC";"2023";"FUNDEB - IPI-EXP";"R$26.509.490,77"
"Sul";"SC";"2023";"FUNDEB - IPVA";"R$295.063.937,61"
"Sul";"SC";"2023";"FUNDEB - ITCMD";"R$74.182.569,50"
"Sul";"SC";"2023";"FUNDEB - ITR";"R$3.332.485,42"
"Sul";"SC";"2024";"FUNDEB - FPE";"R$176.101.921,32"
"Sul";"SC";"2024";"FUNDEB - FPM";"R$571.268.997,28"
"Sul";"SC";"2024";"FUNDEB - ICMS";"R$3.226.274.607,07"
"Sul";"SC";"2024";"FUNDEB - IPI-EXP";"R$38.616.938,11"
"Sul";"SC";"2024";"FUNDEB - IPVA";"R$305.767.374,78"
"Sul";"SC";"2024";"FUNDEB - ITCMD";"R$78.583.090,62"
"Sul";"SC";"2024";"FUNDEB - ITR";"R$3.343.722,40"
"Sul";"SC";"2025";"FUNDEB - FPE";"R$209.651.733,99"
"Sul";"SC";"2025";"FUNDEB - FPM";"R$624.386.937,94"
"Sul";"SC";"2025";"FUNDEB - FUNDEB - FTI";"R$10.716.304,52"
"Sul";"SC";"2025";"FUNDEB - ICMS";"R$3.390.129.268,53"
"Sul";"SC";"2025";"FUNDEB - IPI-EXP";"R$38.273.799,71"
"Sul";"SC";"2025";"FUNDEB - IPVA";"R$337.201.119,84"
"Sul";"SC";"2025";"FUNDEB - ITCMD";"R$80.257.828,28"
"Sul";"SC";"2025";"FUNDEB - ITR";"R$3.598.280,30"
"Sul";"SC";"2026";"FUNDEB - COUN VAAF";"R$0,00"
"Sul";"SC";"2026";"FUNDEB - COUN VAAR";"R$0,00"
"Sul";"SC";"2026";"FUNDEB - COUN VAAT";"R$0,00"
"Sul";"SC";"2026";"FUNDEB - FPE";"R$132.534.685,79"
"Sul";"SC";"2026";"FUNDEB - FPM";"R$436.731.553,59"
"Sul";"SC";"2026";"FUNDEB - FUNDEB - FTI";"R$1.891.112,56"
"Sul";"SC";"2026";"FUNDEB - ICMS";"R$2.307.637.921,72"
"Sul";"SC";"2026";"FUNDEB - IPI-EXP";"R$28.259.089,85"
"Sul";"SC";"2026";"FUNDEB - IPVA";"R$252.499.951,72"
"Sul";"SC";"2026";"FUNDEB - ITCMD";"R$51.409.142,65"
"Sul";"SC";"2026";"FUNDEB - ITR";"R$495.523,91"
